"FC_RECORD_ID","SOURCE","OUTPUT_FREQ","INPUT_FREQ","STATE","CITY","LOCALE","CALL","SPONSOR","CTCSS_IN","CTCSS_OUT","DCS_CDCSS","DTMF","LINK","FM_WIDE","FM_NARROW","DSTAR_DV","DSTAR_DD","DMR","DMR_COLOR_CODE","FUSION","FUSION_DSQ","P25_PHASE_1","P25_PHASE_2","P25_NAC","NXDN_DIGITAL","NXDN_MIXED","NXDN_RAN","ATV","DATV","RACES","ARES","WX","URL","LATITUDE","LONGITUDE","EXPIRATION_DATE","COMMENT"
" 2003","WWARA","52.9300","51.2300","WA","Baw Faw Peak","WASHINGTON- SW","K7CH","K7CH","100","100","","","","Y","N","N","N","N","","N","","N","N","","N","N","","N","N","N","N","N","","46.4882","-123.21481","2021-06-04",""
" 2015","WWARA","53.0100","51.3100","WA","University Place","PUGET SOUND- SOUTH","K7NP","UNIVERSITY PLACE RPTR GRP","100","","","","","Y","N","N","N","N","","N","","N","N","","N","N","","N","N","N","N","N","","","","2018-03-14",""
" 2026","WWARA","53.0300","51.3300","WA","South Mtn","PUGET SOUND- SOUTH","K7CH","K7CH","100","100","","","","Y","N","N","N","N","","N","","N","N","","N","N","","N","N","N","N","N","","47.316155","-123.35783","2021-06-04",""
" 2001","WWARA","53.0700","51.3700","WA","Redmond","REDMOND                  ","KC7IYE","KC7IYE","100","","","","","Y","N","N","N","N","","N","","N","N","","N","N","","N","N","N","N","N","","","","2015-12-02",""
" 2023","WWARA","53.0900","51.3900","WA","Lyman Hill","WASHINGTON- NW","W7UMH","5CECG","100","","","","","Y","N","N","N","N","","N","","N","N","","N","N","","N","N","N","N","N","","","","2017-01-07",""
" 2045","WWARA","53.0900","51.3900","WA","Shelton","MASON COUNTY","WB7OXJ","WB7OXJ","110.9","","","","","Y","N","N","N","N","","N","","N","N","","N","N","","N","N","N","N","N","","","","2018-09-24",""
" 2008","WWARA","53.1300","51.4300","WA","Everett","SNOHOMISH COUNTY","KF7T","KF7T","100","","","","","Y","N","N","N","N","","N","","N","N","","N","N","","N","N","N","N","N","","","","2020-03-20",""
" 2025","WWARA","53.1500","51.4500","WA","Tiger Mtn West","PUGET SOUND","K7CR","K7MO","100","","","","","Y","N","N","N","N","","N","","N","N","","N","N","","N","N","N","N","N","","","","2017-11-15",""
" 2024","WWARA","53.1900","51.4900","WA","Tacoma","TACOMA","K7HW","K7HW","100","","","","","Y","N","N","N","N","","N","","N","N","","N","N","","N","N","N","N","N","","","","2016-12-14",""
" 2041","WWARA","53.2100","51.5100","WA","Ferndale","WHATCOM COUNTY","NC7Q","NC7Q","103.5","","","","","Y","N","N","N","N","","N","","N","N","","N","N","","N","N","N","N","N","","","","2019-03-15",""
" 2049","WWARA","53.2300","51.5300","WA","Tiger Mtn East","PUGET SOUND","K7TGU","K7TGU","100","103.5","","","","Y","N","N","N","N","","N","","N","N","","N","N","","N","N","N","N","N","","47.48888","-121.94555","2021-07-10",""
" 2031","WWARA","53.3300","51.6300","WA","Baldi Mtn","PUGET SOUND","N7OEP","N7OEP","100","","","","","Y","N","N","N","N","","N","","N","N","","N","N","","N","N","N","N","N","","","","2019-12-25",""
" 2027","WWARA","53.3500","51.6500","WA","Sultan","SNOHOMISH COUNTY","W7SKY","Sky Valley ARC","100","","","","","Y","N","N","N","N","","N","","N","N","","N","N","","N","N","N","N","N","http://www.w7sky.org","","","2019-12-25",""
" 2006","WWARA","53.3700","51.6700","WA","Blyn Mtn","WASHINGTON- NW","WR7V","WR7V","100","","","","","Y","N","N","N","N","","N","","N","N","","N","N","","N","N","N","N","N","","48.006388","-122.97468","2020-06-22",""
" 2007","WWARA","53.4100","51.7100","WA","Eatonville","PIERCE COUNTY- SOUTH","W7PFR","Gobbler Knob RPTR Grp","100","","","","","Y","N","N","N","N","","N","","N","N","","N","N","","N","N","N","N","N","","","","2017-09-12",""
" 2036","WWARA","53.4300","51.7300","WA","Bainbridge Island","KITSAP COUNTY","W7NPC","Bainbridge IS ARC","100","","","","","Y","N","N","N","N","","N","","N","N","","N","N","","N","N","N","N","N","www.W7NPC.org","","","2017-09-07",""
" 2048","WWARA","53.4500","51.7500","WA","Bellingham","WASHINGTON- NW","W7MBY","5CECG","100","","","","","Y","N","N","N","N","","N","","N","N","","N","N","","N","N","N","N","N","","","","2018-09-24",""
" 2044","WWARA","53.5700","51.8700","WA","Capitol Peak","PUGET SOUND- SOUTH       ","W7SIX","W7SIX","100","","","","","Y","N","N","N","N","","N","","N","N","","N","N","","N","N","N","N","N","","","","2018-06-13",""
" 2043","WWARA","53.5900","51.8900","WA","Cultas Mtn","PUGET SOUND- NORTH","K7OET","K7OET","100","","","","","Y","N","N","N","N","","N","","N","N","","N","N","","N","N","N","N","N","","","","2020-06-22",""
" 2051","WWARA","53.6500","51.9500","WA","Lake Stevens","SNOHOMISH COUNTY","W7LMR","W7LMR","100","","","","","Y","N","N","N","N","","N","","N","N","","N","N","","N","N","N","N","N","","47.017695","-122.07475","2021-03-30",""
" 2040","WWARA","53.7900","52.0900","WA","Vashon Island","VASHON ISLAND","K6AJV","K6AJV","103.5","","","","","Y","N","N","N","N","","N","","N","N","","N","N","","N","N","N","N","N","","","","2016-11-14",""
" 2046","WWARA","53.8300","52.1300","WA","Issaquah","KING COUNTY","N9VW","N9VW","123","","","","","Y","N","N","N","N","","N","","N","N","","N","N","","N","N","N","N","N","","","","2017-08-26",""
" 2018","WWARA","53.8700","52.1700","WA","Grass Mtn","WASHINGTON- WEST","W7SIX","W7SIX","100","","","","","Y","N","N","N","N","","N","","N","N","","N","N","","N","N","N","N","N","","","","2018-11-20",""
" 3081","WWARA","145.1100","144.5100","WA","Skykomish","STEVENS PASS","KC7SAR","KCSAR","123","123","","","","Y","N","N","N","N","","N","","N","N","","N","N","","N","N","N","N","N","http://www.kcsar.org","47.68194","-121.32722","2020-09-06",""
" 3080","WWARA","145.1100","144.5100","WA","Rattlesnake Mtn","PUGET SOUND","KC7SAR","KCSAR","103.5","127.3","","","","Y","N","N","N","N","","N","","N","N","","N","N","","N","N","N","N","N","http://www.kcsar.org","47.469444","-121.82083","2020-09-06",""
" 3082","WWARA","145.1500","144.5500","WA","Olympia","PUGET SOUND- SOUTH","W7PSE","W7UDI","103.5","","","","","Y","N","N","N","N","","N","","N","N","","N","N","","N","N","N","N","N","","","","2017-05-22",""
" 3050","WWARA","145.1500","144.5500","WA","Port Townsend","JEFFERSON COUNTY- EAST","W7JCR","Jefferson CNTY","114.8","","","","","Y","N","N","N","N","","N","","N","N","","N","N","","N","N","N","N","N","www.JCARC.com","","","2017-10-22",""
" 3028","WWARA","145.1700","144.5700","WA","Belfair","MASON COUNTY","NM7E","N.Mason ARES Club","103.5","","","","","Y","N","N","N","N","","N","","N","N","","N","N","","N","N","N","N","N","","","","2020-03-24",""
" 3186","WWARA","145.1700","144.5700","WA","Ocean Park","PACIFIC COUNTY","NM7R","BeachNet Rptr System","118.8","","","","","Y","N","N","N","N","","N","","N","N","","N","N","","N","N","N","N","N","http://www.qsl.net/NM7R","","","2020-01-17",""
" 3008","WWARA","145.1900","144.5900","WA","Lyman Mtn","WASHINGTON- NW","N7GDE","Radio AmateursS SkagitCou","127.3","","","","","Y","N","N","N","N","","N","","N","N","","N","N","","N","N","N","N","N","http://www.rasconline.com","48.59474","-122.15942","2020-05-31",""
" 3195","WWARA","145.2100","144.6100","WA","Forks","OLYMPIC PENINSULA- NORTH","W7FEL","Clallam County ARC","100","100","","","","Y","N","N","N","N","","Y","001","N","N","","N","N","","N","N","N","N","N","http://www.olyham.net","47.9504","-124.3806","2021-06-11",""
" 3059","WWARA","145.2100","144.6100","WA","Tacoma","PIERCE COUNTY","W7DK","Radio Club of Tacoma","141.3","","","","","Y","N","N","N","N","","N","","N","N","","N","N","","N","N","N","N","N","http://www.w7dk.org","","","2019-02-02",""
" 3153","WWARA","145.2300","144.6300","WA","Graham","PUGET SOUND              ","N3KPU","N3KPU","146.2","","","","","Y","N","N","N","N","","N","","N","N","","N","N","","N","N","N","N","N","","","","2020-01-17",""
" 3025","WWARA","145.2300","144.6300","WA","Sumas","WHATCOM COUNTY","W7BPD","Blaine Police Aux Comm","103.5","","","","","Y","N","N","N","N","","N","","N","N","","N","N","","N","N","N","N","N","","","","2020-03-23",""
" 3155","WWARA","145.2500","144.6500","WA","Friday Harbor","SAN JUAN COUNTY","N7JN","San Juan ARS","","","","","","N","N","Y","N","N","","N","","N","N","","N","N","","N","N","N","N","N","http://www.sjcars.org","","","2020-11-23",""
" 3054","WWARA","145.2500","144.6500","WA","Ashford","PUGET SOUND","K7DNR","K7TGU","67","","","","","Y","N","N","N","N","","N","","N","N","","N","N","","N","N","N","N","N","","","","2017-06-02",""
" 3043","WWARA","145.2700","144.6700","WA","South Mtn","PUGET SOUND","W7UVH","KD6VPH","103.5","","","","","Y","N","N","N","N","","N","","N","N","","N","N","","N","N","N","N","N","","","","2018-06-01",""
" 3006","WWARA","145.3100","144.7100","WA","Grayland","PACIFIC COUNTY","NM7R","BeachNet Repeater System","118.8","118.8","","","","Y","N","N","N","N","","N","","N","N","","N","N","","N","N","N","N","N","http://www.qsl.net/nm7r","46.733361","-124.05638","2020-11-28",""
" 3002","WWARA","145.3100","144.7100","WA","Redmond","REDMOND","KC7IYE","KC7IYE","103.5","103.5","","","","Y","N","N","N","N","","N","","N","N","","N","N","","N","N","N","N","N","","47.69249","-122.11138","2021-01-01",""
" 3032","WWARA","145.3300","144.7300","WA","Tiger Mtn West","WASHINGTON- WEST","K7NWS","BEARS","179.9","","","","","Y","N","N","N","N","","N","","N","N","","N","N","","N","N","N","N","N","http://www.k7nws.com","","","2020-07-04",""
" 3040","WWARA","145.3500","144.7500","WA","Olalla","PUGET SOUND- SOUTH","W7ZLJ","K7PAG","103.5","","","","","Y","N","N","N","N","","N","","N","N","","N","N","","N","N","N","N","N","","","","2018-06-05",""
" 3085","WWARA","145.3700","144.7700","WA","Grass Mtn","WASHINGTON- WEST","W7AAO","Pierce County ARES","136.5","","","","","Y","N","N","N","N","","N","","N","N","","N","N","","N","N","N","N","N","http://www.piercecountyares.net","","","2019-02-23",""
" 3121","WWARA","145.3900","144.7900","WA","Cosmopolis","GRAYS HARBOR COUNTY","W7EOC","Aux Emergency Comm","118.8","","","","","Y","N","N","N","N","","N","","N","N","","N","N","","N","N","N","N","N","http://www.qsl.net/wa7pc/#page=page-2","46.93212","-123.73511","2020-11-01",""
" 3010","WWARA","145.4300","144.8300","WA","Chehalis","LEWIS COUNTY","WA7UHD","Chehalis Valley ARS","110.9","","","","","Y","N","N","N","N","","N","","N","N","","N","N","","N","N","N","N","N","http://www.cvars.org","46.59835","-123.07332","2020-11-28",""
" 3065","WWARA","145.4300","144.8300","WA","Silverdale","KITSAP COUNTY","KD7WDG","AB7Y","179.9","","","","","Y","N","N","N","N","","N","","N","N","","N","N","","N","N","N","N","N","","","","2016-11-07",""
" 3060","WWARA","145.4500","144.8500","WA","Alder","EATONVILLE","KB7CNN","KB7CNN","110.9","","","","","Y","N","N","N","N","","N","","N","N","","N","N","","N","N","N","N","N","","","","2016-12-24",""
" 3119","WWARA","145.4500","144.8500","WA","Meglar Mtn","WASHINGTON- SW           ","W7BU","KB7SI","118.8","","","","","Y","N","N","N","N","","N","","N","N","","N","N","","N","N","N","N","N","trustee@w7bu.org","","","2016-06-06",""
" 3011","WWARA","145.4700","144.8700","WA","Capitol Peak","WASHINGTON- SW","K7CPR","Capitol Repeater Corp","100","","","","","Y","N","N","N","N","","N","","N","N","","N","N","","N","N","N","N","N","http://www.47repeater.com","47.972778","-123.13805","2020-08-31",""
" 3103","WWARA","145.4900","144.8900","WA","Kirkland","KIRKLAND","K7LWH","W7OXR","103.5","","","","","Y","N","N","N","N","","N","","N","N","","N","N","","N","N","N","N","N","www.LAKEWASHINGTONHAMCLUB.ORG","","","2017-06-14",""
" 3182","WWARA","145.4900","144.8900","WA","Centralia","CHEHALIS VALLEY","K7CEM","Centralia ARES","110.9","","","","","Y","N","N","N","N","","N","","N","N","","N","N","","N","N","N","N","N","http://www.k7cem.com","","","2020-04-12",""
" 3164","WWARA","146.4125","147.4125","WA","Bellevue","BELLEVUE","K7LWH","W7OXR","","","","","","N","N","Y","N","N","","N","","N","N","","N","N","","N","N","N","N","N","http://www.LAKEWASHINGTONHAMCLUB.ORG","","","2018-07-04",""
" 3177","WWARA","146.4250","147.4250","WA","Tiger Mtn East","ISSAQUAH","K7TGU","K7TGU","","","065","","","N","Y","N","N","N","","N","","N","Y","F7E","N","N","","N","N","N","N","N","","","","2019-08-26",""
" 3142","WWARA","146.4500","147.4500","WA","Lookout Mtn","WASHINGTON- NW","WC7SO","Whatcom County Sheriff's","","","","","","N","N","Y","N","N","","N","","N","N","","N","N","","N","N","N","N","N","","","","2020-04-23",""
" 3190","WWARA","146.4625","147.4625","WA","Edmonds","SNOHOMISH COUNTY- SOUTH","NW7DR","Northwest Digital Radio C","","","","","","N","N","Y","N","N","","Y","000","N","N","","N","N","","N","N","N","N","N","http://nw7dr.dstar-relay.net","47.858061","-122.30585","2020-11-29",""
" 3167","WWARA","146.4750","147.4750","WA","Cougar Mtn","KING COUNTY","K7SLB","K7SLB","","","","","","N","Y","N","N","N","","N","","Y","N","293","N","N","","N","N","N","N","N","","","","2020-11-23",""
" 3078","WWARA","146.6200","146.0200","WA","Gold Mtn","PUGET SOUND","WW7RA","N7GME","103.5","","","","","Y","N","N","N","N","","N","","N","N","","N","N","","N","N","N","N","N","","","","2016-06-27",""
" 3069","WWARA","146.6400","146.0400","WA","Tacoma","PUGET SOUND","KB7CNN","KB7CNN","103.5","","","","","Y","N","N","N","N","","N","","N","N","","N","N","","N","N","N","N","N","","","","2016-10-22",""
" 3143","WWARA","146.6600","146.0600","WA","Seatac","KING COUNTY- SOUTH","WA7ST","SeaTac ARG","103.5","","","","","Y","N","N","N","N","","N","","N","N","","N","N","","N","N","N","N","N","","","","2019-01-03",""
" 3009","WWARA","146.6800","146.0800","WA","Mineral","MINERAL","K7HW","K7HW","103.5","103.5","","","","Y","N","N","N","N","","N","","N","N","","N","N","","N","N","N","N","N","","","","2021-01-01",""
" 3140","WWARA","146.7000","146.1000","WA","Friday Harbor","SAN JUAN COUNTY","N7JN","San Juan County ARC","131.8","","","","","Y","N","N","N","N","","N","","N","N","","N","N","","N","N","N","N","N","http://www.sjcars.org","","","2020-03-24",""
" 3026","WWARA","146.7000","146.1000","WA","Pack Forest","PIERCE COUNTY- SOUTH     ","W7EAT","K7DKK","103.5","","","","","Y","N","N","N","N","","N","","N","N","","N","N","","N","N","N","N","N","","","","2017-03-24",""
" 3075","WWARA","146.7200","146.1200","WA","Shelton","PUGET SOUND- SOUTH","N7SK","Mason County ARC","103.5","","","","","Y","N","N","N","N","","N","","N","N","","N","N","","N","N","N","N","N","www.wwa-district3-ares.org/","","","2019-06-27",""
" 3116","WWARA","146.7400","146.1400","WA","Lookout Mtn","WASHINGTON- NW","K7SKW","Mt. Baker ARC","127.3","","","","","Y","N","N","N","N","","N","","N","N","","N","N","","N","N","N","N","N","http://www.mbarc.org","","","2020-01-17",""
" 3145","WWARA","146.7400","146.1400","WA","Chehalis","LEWIS COUNTY","K7KFM","K7KFM","110.9","","","","","Y","N","N","N","N","","N","","N","N","","N","N","","N","N","N","N","N","","46.563535","-123.06406","2020-07-04",""
" 3061","WWARA","146.7400","146.1400","WA","Bellingham","WASHINGTON- NW","K7SKW","MT BAKER ARCRG","103.5","","","","","Y","N","N","N","N","","N","","N","N","","N","N","","N","N","N","N","N","WWW.MBARC.org","","","2017-01-07",""
" 3062","WWARA","146.7600","146.1600","WA","Striped Peak","OLYMPIC PENINSULA- NORTH","W7FEL","Clallam County ARC","100","100","","","","Y","N","N","N","N","","Y","","N","N","","N","N","","N","N","N","N","N","http://www.olyham.net","48.1508","-123.6705","2020-08-30",""
" 3099","WWARA","146.7600","146.1600","WA","Federal Way","KING COUNTY- SOUTH","WA7FW","Federal Way ARC","103.5","","","","","Y","N","N","N","N","","N","","N","N","","N","N","","N","N","N","N","N","http://www.fwarc.org","","","2019-10-25",""
" 3037","WWARA","146.7800","146.1800","WA","Lynnwood","KING COUNTY- NORTH","WA7DEM","Snohomish ACS","162.2","162.2","","","","Y","N","N","N","N","","N","","N","N","","N","N","","N","N","N","N","N","","47.79758","-122.31239","2020-09-06",""
" 3052","WWARA","146.8000","146.2000","WA","Lacey","PUGET SOUND- SOUTH","WC7I","KC7CKO","97.4","","","","","Y","N","N","N","N","","N","","N","N","","N","N","","N","N","N","N","N","","","","2020-01-17",""
" 3126","WWARA","146.8000","146.2000","WA","Lynnwood","SNOHOMISH COUNTY- SOUTH","W7UFI","N7NFY","136.5","","","","","Y","N","N","N","N","","N","","N","N","","N","N","","N","N","N","N","N","","","","2019-12-25",""
" 3093","WWARA","146.8200","146.2200","WA","Tiger Mtn East","WASHINGTON- WEST","K7LED","Mike and Key Club","103.5","","","","","Y","N","N","N","N","","N","","N","N","","N","N","","N","N","N","N","N","http://www.mikeandkey.org","","","2019-11-28",""
" 3144","WWARA","146.8400","146.2400","WA","Federal Way","WASHINGTON- WEST","WA7FW","Federal Way ARC","","","","","","N","N","Y","N","N","","N","","N","N","","N","N","","N","N","N","N","N","http://www.fwarc.org","47.3058","-122.3231","2021-04-27",""
" 3004","WWARA","146.8600","146.2600","WA","Ilwaco","PACIFIC COUNTY","W7RDR","K7WAT","118.8","","","","","Y","N","N","N","N","","N","","N","N","","N","N","","N","N","N","N","N","http://www.qsl.net/w7rdr","","","2018-09-21",""
" 3058","WWARA","146.8600","146.2600","WA","Coupeville","WHIDBEY ISLAND- NORTH","W7AVM","ICARC","127.3","","","","","Y","N","N","N","N","","N","","N","N","","N","N","","N","N","N","N","N","www.W7AVM.org","","","2017-11-15",""
" 3036","WWARA","146.9000","146.3000","WA","Saddle Mtn","GRAYS HARBOR COUNTY","W7ZA","GRAYS HARBOR ARC","88.5","","","","","Y","N","N","N","N","","N","","N","N","","N","N","","N","N","N","N","N","","","","2018-06-01",""
" 3030","WWARA","146.9000","146.3000","WA","Seattle","KING COUNTY","W7SRZ","WWA Medical Services","123","","","","","Y","N","N","N","N","","N","","N","N","","N","N","","N","N","N","N","N","http://www.ww7mst.org","47.564099","-122.31425","2020-10-24",""
" 3057","WWARA","146.9200","146.3200","WA","Granite Falls","PUGET SOUND","WA7DEM","Snohomish ACS","123","123","","","","Y","N","N","N","N","","N","","N","N","","N","N","","N","N","N","N","N","http://www.wa7dem.info","48.13695","-121.9814","2021-02-28",""
" 3044","WWARA","146.9400","146.3400","WA","Tacoma","TACOMA","K7HW","K7HW","103.5","","","","","Y","N","N","N","N","","N","","N","N","","N","N","","N","N","N","N","N","","","","2018-09-17",""
" 3146","WWARA","146.9600","146.3600","WA","Neilton","GRAYS HARBOR COUNTY      ","WA7ARC","WA7ARC","203.5","","","","","Y","N","N","N","N","","N","","N","N","","N","N","","N","N","N","N","N","admin@wa7arc.org","","","2016-02-24",""
" 3047","WWARA","146.9600","146.3600","WA","Seattle","PUGET SOUND","WW7PSR","PUGET SOUND REPEATER GRP","103.5","","","","","Y","N","N","N","N","","N","","N","N","","N","N","","N","N","N","N","N","http://www.psrg.org","","","2016-06-06",""
" 3166","WWARA","146.9800","146.3800","WA","Baldi Mtn","WASHINGTON- WEST","K7MMI","PugetSoundMobileRelayGrp","131.8","131.8","","","","Y","N","N","N","N","","N","","N","N","","N","N","","N","N","N","N","N","http://www.kruml.com","47.218611","-121.84305","2020-11-23",""
" 3083","WWARA","147.0000","146.4000","WA","Seattle","PUGET SOUND- EAST","W7DX","WW DX club","103.5","","","","","Y","N","N","N","N","","N","","N","N","","N","N","","N","N","N","N","N","WWW.WWDXC.org","","","2019-03-26",""
" 3132","WWARA","147.0200","147.6200","WA","Cathlamet","WAHKIAKUM COUNTY","NM7R","NM7R","118.8","","","","","Y","N","N","N","N","","N","","N","N","","N","N","","N","N","N","N","N","http://www.qsl.net/nm7r","","","2018-06-01",""
" 3185","WWARA","147.0200","147.6200","WA","Tacoma","TACOMA","W7TED","Two Extra Diodes ARS","103.5","","","","","Y","N","N","N","N","","N","","N","N","","N","N","","N","N","N","N","N","","","","2019-10-26",""
" 3019","WWARA","147.0400","147.6400","WA","Federal Way","FEDERAL WAY","WA7FW","FWARC","103.5","","","","","Y","N","N","N","N","","N","","N","N","","N","N","","N","N","N","N","N","www.FWARC.org","","","2017-02-16",""
" 3073","WWARA","147.0600","147.6600","WA","Baw Faw Peak","WASHINGTON- WEST","WA7UHD","CVARS","110.9","","","","","Y","N","N","N","N","","N","","N","N","","N","N","","N","N","N","N","N","http://www.cvars.org/baw_faw_repeater.php","","","2020-04-23",""
" 3120","WWARA","147.0800","147.6800","WA","Cougar Mtn","PUGET SOUND","W7WWI","Sea-Tac Rptr Assn","103.5","","","","","Y","N","N","N","N","","N","","N","N","","N","N","","N","N","N","N","N","","","","2020-07-13",""
" 3068","WWARA","147.1000","147.7000","WA","Cougar","PUGET SOUND","KC7RAS","KC7RAS","123","","","","","Y","N","N","N","N","","N","","N","N","","N","N","","N","N","N","N","N","","","","2019-08-26",""
" 3064","WWARA","147.1200","147.7200","WA","Tumwater","PUGET SOUND- SOUTH","N7EHP","N7EHP","173.8","","","","","Y","N","N","N","N","","N","","N","N","","N","N","","N","N","N","N","N","","","","2016-11-12",""
" 3045","WWARA","147.1400","147.7400","WA","Baldi Mtn","PUGET SOUND- SOUTH","K7EK","K7EK","123","123","","","","Y","N","N","N","N","","N","","N","N","","N","N","","N","N","N","N","N","http://www.k7ek.net","47.21888","-121.84333","2020-09-20",""
" 3110","WWARA","147.1600","147.7600","WA","Mercer Island","KING COUNTY","W7MIR","W7VXS","146.2","","","","","Y","N","N","N","N","","N","","N","N","","N","N","","N","N","N","N","N","","","","2017-01-12",""
" 3034","WWARA","147.1600","147.7600","WA","King Mtn","WHATCOM COUNTY","K7SKW","MT. BAKER ARC","103.5","","","","","Y","N","N","N","N","","N","","N","N","","N","N","","N","N","N","N","N","http://www.mbarc.org","","","2018-04-20",""
" 3017","WWARA","147.1600","147.7600","WA","Aberdeen","GRAYS HARBOR COUNTY","W7ZA","Grays Harbor ARC","88.5","","","","","Y","N","N","N","N","","N","","N","N","","N","N","","N","N","N","N","N","","","","2019-10-19",""
" 3020","WWARA","147.1800","147.7800","WA","Bakerview","SNOHOMISH COUNTY","WA7LAW","Snohomish County Hams","103.5","","","","","Y","N","N","N","N","","Y","018","N","N","","N","N","","N","N","N","N","N","http://www.wa7law.org","47.981667","-122.19444","2020-11-27",""
" 3007","WWARA","147.1800","147.7800","WA","Megler","WASHINGTON- SW","NM7R","BeachNet","82.5","","","","","Y","N","N","N","N","","N","","N","N","","N","N","","N","N","N","N","N","http://www.qsl.net/nm7r","46.286389","-123.8975","2021-03-19",""
" 3021","WWARA","147.2200","147.8200","WA","Langley","WHIDBEY ISLAND","W7AVM","ISLAND COUNTY ARC","127.3","","","","","Y","N","N","N","N","","N","","N","N","","N","N","","N","N","N","N","N","","","","2017-10-01",""
" 3133","WWARA","147.2400","147.8400","WA","Auburn","AUBURN","K7SYE","Auburn Valley Rptr Group","123","","","","","Y","N","N","N","N","","N","","N","N","","N","N","","N","N","N","N","N","","","","2020-03-23",""
" 3012","WWARA","147.2400","147.8400","WA","Raymond","WASHINGTON- SW","KA7DNK","KA7DNK","103.5","","","","","Y","N","N","N","N","","N","","N","N","","N","N","","N","N","N","N","N","","46.68648","-123.73229","2021-01-30",""
" 3173","WWARA","147.2600","147.8600","WA","Maple Valley","MAPLE VALLEY","KF7NPL","Maple Valley Emerg Rptr A","103.5","","","","","Y","N","N","N","N","","N","","N","N","","N","N","","N","N","N","N","N","http://kf7npl.dstargateway.org","","","2018-07-04",""
" 3016","WWARA","147.2600","147.8600","WA","Longview","WASHINGTON- SW","W7DG","Lower Columbia ARA","114.8","","","","","Y","N","N","N","N","","N","","N","N","","N","N","","N","N","N","N","N","","","","2020-01-24",""
" 3049","WWARA","147.2800","147.8800","WA","Tacoma","PIERCE COUNTY","W7DK","Radio Club of Tacoma","103.5","","","","","Y","N","N","N","N","","N","","N","N","","N","N","","N","N","N","N","N","http://www.w7dk.org","","","2019-02-02",""
" 3015","WWARA","147.2800","147.8800","WA","Mt Octopus","WASHINGTON- NORTHWEST","K7PP","K7PP","123","","","","","Y","N","N","N","N","","N","","N","N","","N","N","","N","N","N","N","N","","","","2016-05-11",""
" 3035","WWARA","147.3000","147.9000","WA","Woodland","WASHINGTON- SW","W7DG","Lower Columbia ARA","114.8","","","","","Y","N","N","N","N","","N","","N","N","","N","N","","N","N","N","N","N","","","","2020-01-24",""
" 3150","WWARA","147.3000","147.9000","WA","Enumclaw","PIERCE COUNTY","WB7DOB","WB7DOB","88.5","88.5","","","","Y","N","N","N","N","","N","","N","N","","N","N","","N","N","N","N","N","","","","2021-01-30",""
" 3192","WWARA","147.3200","147.9200","WA","Kent","PUGET SOUND- SOUTH","K7CST","Kent Comm Support Team","103.5","103.5","","","","Y","N","N","N","N","","N","","N","N","","N","N","","N","N","N","N","N","","","","2021-06-15",""
" 3013","WWARA","147.3400","147.9400","WA","Woodinville","KING COUNTY- NORTH","K6RFK","K6RFK","100","","","","","Y","N","N","N","N","","N","","N","N","","N","N","","N","N","N","N","N","","47.743211","-122.12753","2020-06-01",""
" 3115","WWARA","147.3400","147.9400","WA","South Bend","PACIFIC COUNTY","NM7R","NM7R","82.5","","","","","Y","N","N","N","N","","N","","N","N","","N","N","","N","N","N","N","N","http://www.qsl.net/nm7r","","","2018-02-14",""
" 3131","WWARA","147.3600","147.9600","WA","Camano Island","PUGET SOUND- NORTH","W7PIG","Stanwood Camano ARC","127.3","127.3","","","","Y","N","N","N","N","","N","","N","N","","N","N","","N","N","N","N","N","http://www.scarcwa.org","48.226389","-122.51111","2020-10-24",""
" 3063","WWARA","147.3600","147.9600","WA","Olympia","THURSTON COUNTY","NT7H","OLYMPIA ARS","103.5","","","","","Y","N","N","N","N","","N","","N","N","","N","N","","N","N","N","N","N","http://www.olyham.net","","","2018-02-10",""
" 3074","WWARA","147.3800","147.9800","WA","Tenino","PUGET SOUND- SOUTH","W7DK","Radio Club of Tacoma","103.5","","","","","Y","N","N","N","N","","N","","N","N","","N","N","","N","N","N","N","N","http://www.w7dk.org","","","2019-02-02",""
" 3171","WWARA","147.4375","146.4375","WA","Lyman Mtn","PUGET SOUND- NORTH","KF7VUR","N. RGN EMS Trauma","","","","","","N","Y","N","N","N","","N","","N","N","","N","N","","N","N","N","N","N","","","","2018-06-19",""
" 3181","WWARA","147.4875","146.4875","WA","Kirkland","KING COUNTY","N7IH","Icom America","","","","","","N","N","Y","N","N","","N","","N","N","","N","N","","N","N","N","N","N","http://www.icomamerica.com","","","2020-03-24",""
" 3161","WWARA","147.5000","146.5000","WA","Burien","BURIEN","KF7CLD","Highline Repeater Group","","","","","","N","N","Y","N","N","","N","","N","N","","N","N","","N","N","N","N","N","http://www.KF7CLO.org","","","2020-01-17",""
" 3189","WWARA","147.9950","147.3950","WA","Cougar Mtn","WASHINGTON- NORTHWEST","K7MMI","PugetSoundMobileRelay Grp","","","","","","N","N","N","N","N","","N","","N","N","","Y","N","60","N","N","N","N","N","http://www.kruml.com","47.541389","-122.10944","2020-11-23",""
" 4065","WWARA","223.8600","222.2600","WA","Lyman Hill","WASHINGTON- NW","W7MBY","5CountyEmCommGroup","103.5","","","","","Y","N","N","N","N","","N","","N","N","","N","N","","N","N","N","N","N","","48.594722","-122.16006","2020-06-22",""
" 4070","WWARA","223.8800","222.2800","WA","Camano Island","ISLAND COUNTY","W7PIG","Stanwood Camano ARC","103.5","","","","","Y","N","N","N","N","","N","","N","N","","N","N","","N","N","N","N","N","http://www.scarcwa.org","","","2015-10-22",""
" 4002","WWARA","223.9000","222.3000","WA","Carnation","SNOQUALMIE VALLEY        ","KA7AEF","KA7AEF","103.5","","","","","Y","N","N","N","N","","N","","N","N","","N","N","","N","N","N","N","N","rcgpywacit@netzero.net","","","2015-07-30",""
" 4076","WWARA","223.9200","222.3200","WA","Enumclaw","PIERCE COUNTY","WB7DOB","WB7DOB","103.5","103.5","","","","Y","N","N","N","N","","N","","N","N","","N","N","","N","N","N","N","N","","","","2021-01-30",""
" 4016","WWARA","223.9800","222.3800","WA","Tiger Mtn East","WASHINGTON- WEST","N7NW","K7RZ","100","","","","","Y","N","N","N","N","","N","","N","N","","N","N","","N","N","N","N","N","","","","2016-06-28",""
" 4067","WWARA","224.0400","222.4400","WA","Ko Peak","WASHINGTON- SW","N7XAC","N7XAC","118.8","","","","","Y","N","N","N","N","","N","","N","N","","N","N","","N","N","N","N","N","","","","2019-08-31",""
" 4064","WWARA","224.0600","222.4600","WA","Port Angeles","WASHINGTON- NORTHWEST","W6MPD","W6MPD","107.2","","","","","Y","N","N","N","N","","N","","N","N","","N","N","","N","N","N","N","N","","","","2016-12-15",""
" 4077","WWARA","224.0800","222.4800","WA","Capitol Peak","PUGET SOUND","W7WRG","Western WA Rprt Group","103.5","","","","","Y","N","N","N","N","","N","","N","N","","N","N","","N","N","N","N","N","","","","2020-07-04",""
" 4021","WWARA","224.1000","222.5000","WA","Monroe","PUGET SOUND- NORTH","K7MJ","K7MJ","123","","","","","Y","N","N","N","N","","N","","N","N","","N","N","","N","N","N","N","N","","","","2018-09-16",""
" 4015","WWARA","224.1200","222.5200","WA","Tiger Mtn East","WASHINGTON- WEST","K7LED","Mike and Key Club","103.5","","","","","Y","N","N","N","N","","N","","N","N","","N","N","","N","N","N","N","N","http://www.mikeandkey.org","","","2019-11-28",""
" 4078","WWARA","224.1400","222.5400","WA","Longview","WASHINGTON- SW","W7DG","Lower Columbia ARA","114.8","","","","","Y","N","N","N","N","","N","","N","N","","N","N","","N","N","N","N","N","","","","2020-01-24",""
" 4080","WWARA","224.1600","222.5600","WA","Bellingham","PUGET SOUND- NORTH","NC7Q","Watcom ECG (WECG)","156.7","","","","","Y","N","N","N","N","","N","","N","N","","N","N","","N","N","N","N","N","","","","2018-09-23",""
" 4066","WWARA","224.1800","222.5800","WA","Graham","PIERCE COUNTY- SOUTH","W7EAT","K7DKK","103.5","","","","","Y","N","N","N","N","","N","","N","N","","N","N","","N","N","N","N","N","","47.028947","-122.29392","2021-06-11",""
" 4043","WWARA","224.2200","222.6200","WA","Brier","PUGET SOUND","WA7FUS","WA7FUS","77","","","","","Y","N","N","N","N","","N","","N","N","","N","N","","N","N","N","N","N","","","","2016-06-16",""
" 4069","WWARA","224.2200","222.6200","WA","Lake Forest Park","KING COUNTY- NORTH","WA7FUS","WA7FUS","103.5","","","","","Y","N","N","N","N","","N","","N","N","","N","N","","N","N","N","N","N","","","","2019-11-29",""
" 4026","WWARA","224.2400","222.6400","WA","Blyn Mtn","PUGET SOUND- SOUTH","N7NFY","N7NFY","103.5","","","","","Y","N","N","N","N","","N","","N","N","","N","N","","N","N","N","N","N","","","","2019-12-25",""
" 4009","WWARA","224.2600","222.6600","WA","Belfair","MASON COUNTY","NM7E","NMARESC","103.5","","","","","Y","N","N","N","N","","N","","N","N","","N","N","","N","N","N","N","N","","47.38111","-122.19","2021-06-11",""
" 4010","WWARA","224.3400","222.7400","WA","Tiger Mtn West","PUGET SOUND","K7NWS","Boeing Employees ARS","110.9","","","","","Y","N","N","N","N","","N","","N","N","","N","N","","N","N","N","N","N","http://www.k7nws.com","","","2019-02-02",""
" 4073","WWARA","224.3600","222.7600","WA","Kirkland","SEATTLE","K7LWH","Lake Washington Ham Club","103.5","","","","","Y","N","N","N","N","","N","","N","N","","N","N","","N","N","N","N","N","http://www.lakewashingtonhamclub.org","","","2019-03-31",""
" 4063","WWARA","224.3800","222.7800","WA","Marysville","SNOHOMISH COUNTY","WA7DEM","N7SS","103.5","","","","","Y","N","N","N","N","","N","","N","N","","N","N","","N","N","N","N","N","http://WWW.WA7DEM.ORG","","","2016-12-03",""
" 4081","WWARA","224.4200","222.8200","WA","Bainbridge Island","KITSAP COUNTY","WA6PMX","WA6PMX","88.5","","","","","Y","N","N","N","N","","N","","N","N","","N","N","","N","N","N","N","N","","","","2018-09-23",""
" 4027","WWARA","224.4600","222.8600","WA","Crawford Mtn","PUGET SOUND- SOUTH","NT7H","OLYMPIA ARS","103.5","","","","","Y","N","N","N","N","","N","","N","N","","N","N","","N","N","N","N","N","http://www.olyham.net","","","2018-02-10",""
" 4071","WWARA","224.4800","222.8800","WA","Mt Constitution","WASHINGTON- NW","N7JN","San Juan ARS","103.5","","","","","Y","N","N","N","N","","N","","N","N","","N","N","","N","N","N","N","N","http://www.sjcars.org","48.680277","-122.8415","2020-06-22",""
" 4057","WWARA","224.5200","222.9200","WA","Tacoma","TACOMA","K7HW","K7HW","103.5","","","","","Y","N","N","N","N","","N","","N","N","","N","N","","N","N","N","N","N","","","","2020-05-02",""
" 4068","WWARA","224.5400","222.9400","WA","Mt Constitution","PUGET SOUND- NORTH","WA6MPG","WA6MPG","67","","","","","Y","N","N","N","N","","N","","N","N","","N","N","","N","N","N","N","N","","48.665833","-122.86305","2020-06-22",""
" 4074","WWARA","224.5800","222.9800","WA","Buck Mtn","PUGET SOUND","W7WRG","Western WA Rprt Group","103.5","","","","","Y","N","N","N","N","","N","","N","N","","N","N","","N","N","N","N","N","","","","2020-07-04",""
" 4007","WWARA","224.6600","223.0600","WA","Bremerton","PUGET SOUND- EAST","W7UFI","W7UFI","103.5","","","","","Y","N","N","N","N","","N","","N","N","","N","N","","N","N","N","N","N","","","","2017-11-15",""
" 4029","WWARA","224.6800","223.0800","WA","Seattle","PUGET SOUND","W7SRZ","WWA Medical Services","103.5","","","","","Y","N","N","N","N","","N","","N","N","","N","N","","N","N","N","N","N","http://www.ww7mst.org","47.564167","-122.30805","2020-10-24",""
" 4012","WWARA","224.7600","223.1600","WA","Enumclaw","PUGET SOUND","WB7DOB","WB7DOB","103.5","103.5","","","","Y","N","N","N","N","","N","","N","N","","N","N","","N","N","N","N","N","","","","2021-01-30",""
" 4044","WWARA","224.7800","223.1800","WA","Lyman Hill","WASHINGTON- NW","N7IPB","WA7FUS","103.5","","","","","Y","N","N","N","N","","N","","N","N","","N","N","","N","N","N","N","N","","","","2019-02-02",""
" 4075","WWARA","224.8200","223.2200","WA","South Bend","PACIFIC COUNTY","NM7R","BeachNet","82.5","82.5","","","","Y","N","N","N","N","","N","","N","N","","N","N","","N","N","N","N","N","","46.695278","-123.77252","2021-03-19",""
" 4011","WWARA","224.8600","223.2600","WA","King Mtn","WHATCOM COUNTY","N7FYU","N7FYU","103.5","","","","","Y","N","N","N","N","","N","","N","N","","N","N","","N","N","N","N","N","","","","2019-06-12",""
" 4014","WWARA","224.8600","223.2600","WA","Raymond","PUGET SOUND- SOUTH","KA7DNK","KA7DNK","103.5","","","","","Y","N","N","N","N","","N","","N","N","","N","N","","N","N","N","N","N","","","","2019-01-03",""
" 4072","WWARA","224.9800","223.3800","WA","Mt Constitution","PUGET SOUND- NORTH","WA6MPG","WA6MPG","103.5","","","","","Y","N","N","N","N","","N","","N","N","","N","N","","N","N","N","N","N","","48.666355","-122.86355","2020-06-22",""
" 5579","WWARA","440.0125","445.0125","WA","Edmonds","SNOHOMISH COUNTY- SOUTH","NW7DR","K7VE","","","","","","N","N","Y","N","N","","N","","N","N","","N","N","","N","N","N","N","N","HTTP://NW7DR.Dstar-relay.net/","","","2017-09-14",""
" 5587","WWARA","440.0500","445.0500","WA","Bothell","KING COUNTY- NORTH","K7SLB","K7SLB","110.9","","","","","Y","N","N","N","N","","N","","N","N","","N","N","","N","N","N","N","N","","","","2018-11-03",""
" 5581","WWARA","440.0750","445.0750","WA","Enumclaw","PUGET SOUND","N7OEP","N7OEP","107.2","","","","","Y","N","N","N","N","","N","","N","N","","N","N","","N","N","N","N","N","","","","2018-11-03",""
" 5588","WWARA","440.1000","445.1000","WA","Seattle","KING COUNTY","K7SLB","K7SLB","110.9","","","","","Y","N","N","N","N","","N","","N","N","","N","N","","N","N","N","N","N","","","","2020-10-02",""
" 5624","WWARA","440.1000","445.1000","WA","Port Orchard","KITSAP COUNTY- SOUTH","KF7AKK","KF7AKK","100","","","","","Y","N","N","N","N","","N","","N","N","","N","N","","N","N","N","N","N","","","","2019-11-30",""
" 5346","WWARA","440.1500","445.1500","WA","Mercer Island","KING COUNTY- EAST","W7MIR","MercerIsland Radio Operat","103.5","","","","","Y","N","N","N","N","","N","","N","N","","N","N","","N","N","N","N","N","http://www.mirohams.org","","","2019-08-24",""
" 5139","WWARA","440.2250","445.2250","WA","Olalla","PUGET SOUND- SOUTH","WR7HE","K7PAG","103.5","","","","","Y","N","N","N","N","","N","","N","N","","N","N","","N","N","N","N","N","","","","2018-05-12",""
" 5557","WWARA","440.2500","445.2500","WA","Issaquah","KING COUNTY","N9VW","N9VW","123","","","","","Y","N","N","N","N","","N","","N","N","","N","N","","N","N","N","N","N","","","","2017-09-14",""
" 5516","WWARA","440.2750","445.2750","WA","Seatac","KING COUNTY- SOUTH","KF7BFS","W7TFD","","","","","","N","N","Y","N","N","","N","","N","N","","N","N","","N","N","N","N","N","","","","2018-11-03",""
" 5113","WWARA","440.3000","445.3000","WA","Shoreline","KING COUNTY- NORTH","KC7ONX","KC7ONX","103.5","","","","","Y","N","N","N","N","","N","","N","N","","N","N","","N","N","N","N","N","","","","2020-01-25",""
" 5591","WWARA","440.3250","445.3250","WA","Granite Falls","PUGET SOUND","NR7SS","N7SS","","","","","","N","N","Y","N","N","","N","","N","N","","N","N","","N","N","N","N","N","www.WA7DEM.org","","","2018-07-21",""
" 5592","WWARA","440.3500","445.3500","WA","Everett","PUGET SOUND","NR7SS","WA7DEM","","","","","","N","N","Y","N","N","","N","","N","N","","N","N","","N","N","N","N","N","www.wa7dem.org","","","2019-01-14",""
" 5512","WWARA","440.3750","445.3750","WA","Sumas Mtn","WHATCOM COUNTY","W7BPD","Blaine PD ACS Group","131.8","131.8","","","","Y","N","N","N","N","","N","","N","N","","N","N","","N","N","N","N","N","","48.906944","-122.22333","2021-07-14",""
" 5662","WWARA","440.3750","445.3750","WA","Clinton","SNOHOMISH","WA7DEM","Snohomish ACS","103.5","103.5","","","","Y","N","N","N","N","","N","","N","N","","N","N","","N","N","N","N","N","http://www.wa7dem.info","","","2021-05-01",""
" 5661","WWARA","440.4000","445.4000","WA","Covington","KING COUNTY- SOUTH","KC7SQB","Kent Comm Support Team","100","100","","","","Y","N","N","N","N","","Y","040","N","N","","N","N","","N","N","N","N","N","http://www.k7cst.org","47.394","-122.144","2021-08-16",""
" 5228","WWARA","440.4000","445.4000","WA","Arlington","SNOHOMISH","N7XCG","N7XCG","123","","","","","Y","N","N","N","N","","N","","N","N","","N","N","","N","N","N","N","N","","","","2019-03-03",""
" 5515","WWARA","440.4250","445.4250","WA","Tukwila","KING COUNTY- SOUTH","W7TFD","W7TFD","","","","","","N","N","Y","N","N","","N","","N","N","","N","N","","N","N","N","N","N","","","","2016-06-27",""
" 5629","WWARA","440.4500","445.4500","WA","Bainbridge Island","KITSAP COUNTY","WA6PMX","KC7SDD","103.5","","","","","Y","N","N","N","N","","N","","N","N","","N","N","","N","N","N","N","N","","47.71689","-122.54754","2021-08-16",""
" 5522","WWARA","440.4750","445.4750","WA","Lookout Mtn","WHATCOM COUNTY","WC7SO","WhatcomCounty Sheriff ACS","","","","","","N","N","Y","N","N","","N","","N","N","","N","N","","N","N","N","N","N","","","","2019-11-05",""
" 5527","WWARA","440.5000","445.5000","WA","Capitol Peak","PUGET SOUND","W7WRG","K5IN","110.9","","","","","Y","N","N","N","N","","N","","N","N","","N","N","","N","N","N","N","N","","","","2020-07-04",""
" 5504","WWARA","440.5250","445.5250","WA","Seattle","PUGET SOUND","W7ACS","Seattle Aux Comm Service","141.3","","","","","Y","N","N","N","N","","N","","N","N","","N","N","","N","N","N","N","N","http://seattleacs.com","","","2019-06-13",""
" 5376","WWARA","440.5500","445.5500","WA","Lacey","PUGET SOUND- SOUTH","W6TOZ","W6TOZ","103.5","","","","","Y","N","N","N","N","","N","","N","N","","N","N","","N","N","N","N","N","","","","2017-01-02",""
" 5218","WWARA","440.6250","445.6250","WA","Tacoma","PIERCE COUNTY","W7DK","Radio Club of Tacoma","103.5","","","","","Y","N","N","N","N","","N","","N","N","","N","N","","N","N","N","N","N","http://www.w7dk.org","","","2019-02-02",""
" 5021","WWARA","440.6500","445.6500","WA","Baw Faw Peak","PUGET SOUND- SOUTH","K7CH","K7CH","100","100","","","","Y","N","N","N","N","","N","","N","N","","N","N","","N","N","N","N","N","","47.316155","-123.35783","2021-06-04",""
" 5368","WWARA","440.6750","445.6750","WA","Naselle Ridge","PACIFIC COUNTY","NM7R","BeachNet Repeater System","118.8","118.8","","","","Y","N","N","N","N","","N","","N","N","","N","N","","N","N","N","N","N","http://www.qsl.net/nm7r","46.42147","-123.79874","2020-11-28",""
" 5026","WWARA","440.6750","445.6750","WA","Redmond","KING COUNTY- NORTH","N6OBY","N6OBY","103.5","","","","","Y","N","N","N","N","","N","","N","N","","N","N","","N","N","N","N","N","","47.6925","-122.11138","2020-09-20",""
" 5026","WWARA","440.6750","445.6750","WA","Redmond","KING COUNTY              ","N6OBY","N6OBY","103.5","","","","","Y","N","N","N","N","","N","","N","N","","N","N","","N","N","N","N","N","","","","2015-08-28",""
" 5655","WWARA","440.7250","445.7250","WA","Tacoma","TACOMA","AF7PR","AF7PR","","","","","","N","N","N","N","Y","CC1","N","","N","N","","N","N","","N","N","N","N","N","http://pnw.trbo.org","47.28226","-122.49069","2021-07-14",""
" 5628","WWARA","440.7250","445.7250","WA","Marrowstone Island","JEFFERSON COUNTY","AH6EZ","MarrowStone IS. Comm Asso","114.8","","","","","Y","N","N","N","N","","N","","N","N","","N","N","","N","N","N","N","N"," ","","","2020-03-24",""
" 5635","WWARA","440.9500","445.9500","WA","Buck Mtn","PUGET SOUND- NE","K7SCN","K7SCN","110.9","","","","","Y","N","N","N","N","","N","","Y","N","293","N","N","","N","N","N","N","N","","","","2020-04-11",""
" 5523","WWARA","441.0500","446.0500","WA","Camano Island","ISLAND COUNTY","W7PIG","Stanwood Camano ARC","103.5","","","","","Y","N","N","N","N","","N","","N","N","","N","N","","N","N","N","N","N","http://www.scarcwa.org","","","2016-10-01",""
" 5147","WWARA","441.0750","446.0750","WA","Kirkland","REDMOND","K7LWH","Lake WA Ham Club","103.5","","","","","Y","N","N","N","N","","N","","N","N","","N","N","","N","N","N","N","N","http://lakewashingtonhamclub.org","","","2019-06-25",""
" 5229","WWARA","441.1000","446.1000","WA","Bellevue","KING COUNTY","KC7IYE","KC7IYE","156.7","","","","","Y","N","N","N","N","","N","","N","N","","N","N","","N","N","N","N","N","","","","2019-01-18",""
" 5535","WWARA","441.1250","446.1250","WA","Buck Mtn","PUGET SOUND              ","WB0CZA","WB0CZA","123","","","","","Y","N","N","N","N","","N","","N","N","","N","N","","N","N","N","N","N","","","","2018-07-21",""
" 5311","WWARA","441.1250","446.1250","WA","Maynard Hill","WASHINGTON- NORTHWEST    ","WB0CZA","WB0CZA","123","","","","","Y","N","N","N","N","","N","","N","N","","N","N","","N","N","N","N","N","","","","2015-12-13",""
" 5253","WWARA","441.1500","446.1500","WA","Snohomish","SNOHOMISH","KG7QPU","Snohomish Kacklers","123","123","","","","Y","N","N","N","N","","Y","023","N","N","","N","N","","N","N","N","N","N","","47.963611","-122.01694","2020-09-21",""
" 5345","WWARA","441.1750","446.1750","WA","Bremerton","BREMERTON","AA7SS","AA7SS","123","","","","","Y","N","N","N","N","","N","","N","N","","N","N","","N","N","N","N","N","","","","2018-07-21",""
" 5546","WWARA","441.2000","446.2000","WA","Gold Mtn","PUGET SOUND","K7PP","K7PP","123","","","","","Y","N","N","N","N","","N","","N","N","","N","N","","N","N","N","N","N","","","","2016-10-01",""
" 5590","WWARA","441.2125","446.2125","WA","Newcastle","KING COUNTY- EAST","W7RNK","Newcastle DSTAR Club","","","","","","N","N","Y","N","N","","N","","N","N","","N","N","","N","N","N","N","N","http://www.NEWCASTLE-DSTAR.com","47.53447","-122.17307","2018-07-21",""
" 5615","WWARA","441.2500","446.2500","WA","Gold Mtn","PUGET SOUND","K7SRG","Spokane Repeater Group","94.8","","","","","Y","N","N","N","N","","N","","N","N","","N","N","","N","N","N","N","N","http://www.srgclub.org","","","2019-07-14",""
" 5598","WWARA","441.2625","446.2625","WA","Bothell","PUGET SOUND","KF7UUY","FEMA Amateur Radio Enth","","","","","","N","N","Y","N","N","","N","","N","N","","N","N","","N","N","N","N","N","","","","2018-07-21",""
" 5556","WWARA","441.2750","446.2750","WA","Poulsbo","KITSAP COUNTY","W7LOR","W7LOR","123","","","","","Y","N","N","N","N","","N","","N","N","","N","N","","N","N","N","N","N","","","","2018-07-21",""
" 5611","WWARA","441.2875","446.2875","WA","Cougar","PUGET SOUND- WEST","N7ERP","KK7TR","","","","","","N","N","N","N","Y","CC1","N","","N","N","","N","N","","N","N","N","N","N","","","","2019-03-26",""
" 5575","WWARA","441.3500","446.3500","WA","Baidi Mtn","PUGET SOUND","NF6C","KK7TR","","","","","","N","N","N","N","Y","CC1","N","","N","N","","N","N","","N","N","N","N","N","","","","2020-03-23",""
" 5542","WWARA","441.3750","446.3750","WA","Lakewood","PUGET SOUND- SOUTH","K7EK","K7EK","103.5","","","","","Y","N","N","N","N","","N","","N","N","","N","N","","N","N","N","N","N","","","","2017-09-14",""
" 5154","WWARA","441.4000","446.4000","WA","Crawford Mtn","PUGET SOUND- SOUTH","NT7H","OLYMPIA ARS","103.5","","","","","Y","N","N","N","N","","N","","N","N","","N","N","","N","N","N","N","N","http://www.olyham.net","","","2018-02-10",""
" 5642","WWARA","441.4250","446.4250","WA","Lacey","THURSTON COUNTY","KF7GVL","SouthSoundARC","","","","","","N","N","Y","N","N","","N","","N","N","","N","N","","N","N","N","N","N","","","","2021-01-23",""
" 5613","WWARA","441.4500","446.4500","WA","Renton","PUGET SOUND- SOUTH","KC7IGT","KC7IGT","123","","","","","Y","N","N","N","N","","N","","N","N","","N","N","","N","N","N","N","N","","","","2019-07-14",""
" 5601","WWARA","441.4750","446.4750","WA","Renton","PUGET SOUND- SOUTH","K7FDF","City of Renton","103.5","","","","","Y","N","N","N","N","","N","","N","N","","N","N","","N","N","N","N","N","","","","2018-11-03",""
" 5508","WWARA","441.5500","446.5500","WA","Cougar Mtn","PUGET SOUND","W7WWI","Sea-Tac Rptr Assn","103.5","","","","","Y","N","N","N","N","","N","","N","N","","N","N","","N","N","N","N","N","","","","2020-07-13",""
" 5659","WWARA","441.5750","446.5750","WA","Port Orchard","KITSAP COUNTY- SOUTH","W6AV","W6AV","100","100","","","","Y","N","N","N","N","","N","","N","N","","N","N","","N","N","N","N","N","","47.458567","-122.67204","2021-08-16",""
" 5351","WWARA","441.6000","446.6000","WA","Roche Harbor","SAN JUAN ISLANDS","W6QC","W6QC","131.8","","","","","Y","N","N","N","N","","N","","N","N","","N","N","","N","N","N","N","N","","","","2017-01-07",""
" 5413","WWARA","441.6250","446.6250","WA","Baldi Mtn","PUGET SOUND- WEST","W7TWA","W7TWA","100","","","","","Y","N","N","N","N","","N","","N","N","","N","N","","N","N","N","N","N","","47.218888","-121.84524","2020-10-24",""
" 5505","WWARA","441.6500","446.6500","WA","Rattlesnake Mtn","PUGET SOUND","N7NFY","N7NFY","141.3","","","","","Y","N","N","N","N","","N","","N","N","","N","N","","N","N","N","N","N","","","","2020-01-17",""
" 5009","WWARA","441.6750","446.6750","WA","Ko Peak","PACIFIC COUNTY","N7XAC","NM7R","118.8","","","","","Y","N","N","N","N","","N","","N","N","","N","N","","N","N","N","N","N","https://www.qsl.net/nm7r","","","2020-05-02",""
" 5513","WWARA","441.7000","446.7000","WA","Baldi Mtn","PUGET SOUND","W7PSE","W7UDI","103.5","","","","","Y","N","N","N","N","","N","","N","N","","N","N","","N","N","N","N","N","","","","2019-06-11",""
" 5514","WWARA","441.7250","446.7250","WA","Mt Erie","PUGET SOUND- NORTH","W7PSE","W7UDI","103.5","","","","","Y","N","N","N","N","","N","","N","N","","N","N","","N","N","N","N","N","","","","2019-06-11",""
" 5318","WWARA","441.7500","446.7500","WA","Green Mtn","PUGET SOUND","W7PSE","PSEARG","103.5","","","","","Y","N","N","N","N","","N","","N","N","","N","N","","N","N","N","N","N","","","","2019-12-25",""
" 5316","WWARA","441.7750","446.7750","WA","Rattlesnake Mtn","PUGET SOUND","W7PSE","PSEARG","103.5","","","","","Y","N","N","N","N","","N","","N","N","","N","N","","N","N","N","N","N","","","","2019-06-11",""
" 5164","WWARA","441.8000","446.8000","WA","Seattle","SEATTLE","W7AW","West Seattle ARC","141.3","","","","","Y","N","N","N","N","","N","","N","N","","N","N","","N","N","N","N","N","http://www.westseattlearc.org","","","2019-12-25",""
" 5593","WWARA","441.8250","446.8250","WA","Cougar Mtn","PUGET SOUND","KE7GFZ","Snooqualmie ARC","103.5","","","","","Y","N","N","N","N","","N","","N","N","","N","N","","N","N","N","N","N","http://www.snovalleyarc.org","","","2019-03-26",""
" 5034","WWARA","441.8500","446.8500","WA","Fall City","SNOQUALMIE VALLEY","N6TJQ","N6TJQ","203.5","","","","","Y","N","N","N","N","","N","","N","N","","N","N","","N","N","N","N","N","","","","2019-07-14",""
" 5528","WWARA","441.8750","446.8750","WA","Everett","SNOHOMISH COUNTY","WC7T","WC7T","103.5","103.5","","","","Y","N","N","N","N","","N","","N","N","","N","N","","N","N","N","N","N","","47.941944","-122.2375","2021-05-18",""
" 5644","WWARA","441.9000","446.9000","WA","Auburn","PUGET SOUND- SOUTH","KF6VTA","SAARO","100","","","","","Y","N","N","N","N","","N","","N","N","","N","N","","N","N","N","N","N","","","","2021-08-16",""
" 5112","WWARA","441.9250","446.9250","WA","South Mtn","PUGET SOUND","W7UVH","KD6VPH","100","","","","","Y","N","N","N","N","","N","","N","N","","N","N","","N","N","N","N","N","","","","2018-06-01",""
" 5309","WWARA","441.9250","446.9250","WA","Bellingham","WHATCOM COUNTY","N7FYU","N7FYU","103.5","","","","","Y","N","N","N","N","","N","","N","N","","N","N","","N","N","N","N","N","","","","2017-10-22",""
" 5553","WWARA","441.9500","446.9500","WA","Buck Mtn","PUGET SOUND","W7WRG","Western WA Rprt Group","131.8","","","","","Y","N","N","N","N","","N","","N","N","","N","N","","N","N","N","N","N","","","","2020-07-04",""
" 5600","WWARA","441.9750","446.9750","WA","Renton","PUGET SOUND- SOUTH","K7FDF","City of Renton","103.5","","","","","Y","N","N","N","N","","N","","N","N","","N","N","","N","N","N","N","N","","","","2018-11-03",""
" 5008","WWARA","442.0000","447.0000","WA","Mt Constitution","PUGET SOUND- NORTH","K7SKW","Mt. Baker ARC","110.9","","","","","Y","N","N","N","N","","N","","N","N","","N","N","","N","N","N","N","N","http://www.mbarc.org","","","2020-03-21",""
" 5392","WWARA","442.0000","447.0000","WA","Lake Forest Park","KING COUNTY- NORTH","WA7DEM","Snohomish ACS","141.3","141.3","","","","Y","N","N","N","N","","N","","N","N","","N","N","","N","N","N","N","N","http://www.wa7dem.info","","","2021-05-18",""
" 5349","WWARA","442.0250","447.0250","WA","Tiger Mtn East","PUGET SOUND","W7WWI","Sea-Tac Repeater Asso","110.9","","","","","Y","N","N","N","N","","N","","N","N","","N","N","","N","N","N","N","N","","47.4884","-121.947","2020-07-13",""
" 5623","WWARA","442.0500","447.0500","WA","Centralia","CHEHALIS VALLEY","K7CEM","Centralia ARES","110.9","","","","","Y","N","N","N","N","","N","","N","N","","N","N","","N","N","N","N","N","http://www.k7cem.com","","","2020-04-11",""
" 5342","WWARA","442.0500","447.0500","WA","Sequim","WASHINGTON- NW","KO6I","KO6I","103.5","","","","","Y","N","N","N","N","","N","","N","N","","N","N","","N","N","N","N","N","","","","2020-06-22",""
" 5665","WWARA","442.0500","447.0500","WA","Sammamish","KING COUNTY- EAST","KK7TR","KK7TR","","","","","","N","N","N","N","Y","CC1","N","","N","N","","N","N","","N","N","N","N","N","","47.6327","-122.03421","2021-05-01",""
" 5090","WWARA","442.0750","447.0750","WA","Tiger Mtn West","PUGET SOUND","K7NWS","Boeing Employee ARS","110.9","","","","","Y","N","N","N","N","","N","","N","N","","N","N","","N","N","N","N","N","http://www.k7nws.com","","","2019-03-31",""
" 5105","WWARA","442.1000","447.1000","WA","Sequim","OLYMPIC PENINSULA- NORTH","KC7EQO","KC7EQO","100","","","","","Y","N","N","N","N","","N","","N","N","","N","N","","N","N","N","N","N","","","","2017-10-22",""
" 5175","WWARA","442.1250","447.1250","WA","Longview","WASHINGTON- SOUTH","N3EG","N3EG","114.8","","","","","Y","N","N","N","N","","N","","N","N","","N","N","","N","N","N","N","N","","","","2016-12-17",""
" 5530","WWARA","442.1250","447.1250","WA","Sammamish","ISSAQUAH","KG7OI","KG7OI","123","","","","","Y","N","N","N","N","","N","","N","N","","N","N","","N","N","N","N","N","w7bi.com","","","2018-11-03",""
" 5386","WWARA","442.1500","447.1500","WA","Raymond","RAYMOND","KB7IEU","KB7IEU","127.3","","","","","Y","N","N","N","N","","N","","N","N","","N","N","","N","N","N","N","N","","","","2015-03-31",""
" 5603","WWARA","442.1500","447.1500","WA","Rattlesnake Mtn","PUGET SOUND- SOUTH","KF7BJI","KF7BJI","103.5","103.5","","","","Y","N","N","N","N","","N","","N","N","","N","N","","N","N","N","N","N","","47.469722","-121.81972","2020-12-13",""
" 5387","WWARA","442.1750","447.1750","WA","Everett","PUGET SOUND- NORTH","W7EAR","Evergreen ARS","103.5","","","","","Y","N","N","N","N","","N","","N","N","","N","N","","N","N","N","N","N","","","","2020-03-20",""
" 5533","WWARA","442.2000","447.2000","WA","Poulsbo","PUGET SOUND- WEST        ","WA6PMX","WA6PMX","103.5","","","","","Y","N","N","N","N","","N","","N","N","","N","N","","N","N","N","N","N","","","","2015-12-13",""
" 5361","WWARA","442.2250","447.2250","WA","Kingston","PUGET SOUND","W7KWS","W7KWS","100","100","","","","Y","N","N","N","N","","N","","N","N","","N","N","","N","N","N","N","N","","","","2020-11-07",""
" 5551","WWARA","442.2500","447.2500","WA","Lookout Mtn","PUGET SOUND- NORTH","NC7Q","NC7Q","156.7","","","","","Y","N","N","N","N","","N","","N","N","","N","N","","N","N","N","N","N","","","","2017-12-02",""
" 5632","WWARA","442.2750","447.2750","WA","Raven Roost","PUGET SOUND","K7DDK","WADistrict5ARES","103.5","","","","","Y","N","N","N","N","","N","","N","N","","N","N","","N","N","N","N","N","http:/www.piercecountyares.net","","","2021-04-02",""
" 5180","WWARA","442.3250","447.3250","WA","Cougar Mtn","WASHINGTON- WEST","K7MMI","N7KFJ","107.2","","","","","Y","N","N","N","N","","N","","N","N","","N","N","","N","N","N","N","N","","47.541389","-122.10944","2021-08-07",""
" 5118","WWARA","442.3500","447.3500","WA","Graham","PUGET SOUND- SOUTH       ","K7EK","K7EK","141.3","","","","","Y","N","N","N","N","","N","","N","N","","N","N","","N","N","N","N","N","","","","2015-06-11",""
" 5056","WWARA","442.3750","447.3750","WA","University Place","PUGET SOUND- SOUTH","K7NP","UP Repeater Group","103.5","","","","","Y","N","N","N","N","","N","","N","N","","N","N","","N","N","N","N","N","","","","2018-12-31",""
" 5005","WWARA","442.4000","447.4000","WA","Lyman Mtn","WASHINGTON- NORTHWEST","W7MBY","5CountyEmCommGroup","107.2","","","","","Y","N","N","N","N","","N","","N","N","","N","N","","N","N","N","N","N","","48.594722","-122.16163","2020-06-21",""
" 5162","WWARA","442.4250","447.4250","WA","Maynard Hill","PUGET SOUND","W7PSE","W7UDI","103.5","","","","","Y","N","N","N","N","","N","","N","N","","N","N","","N","N","N","N","N","","","","2018-01-20",""
" 5125","WWARA","442.4500","447.4500","WA","Tacoma","PIERCE COUNTY","W7TED","2ExtraDiodes ARS","103.5","","","","","Y","N","N","N","N","","N","","N","N","","N","N","","N","N","N","N","N","","","","2019-02-02",""
" 5584","WWARA","442.4625","447.4625","WA","Friday Harbor","SAN JUAN COUNTY","N7JN","San Juan ARS","","","","","","N","N","Y","N","N","","N","","N","N","","N","N","","N","N","N","N","N","http://www.sjcars.org","","","2020-09-06",""
" 5133","WWARA","442.4750","447.4750","WA","Lacey","PUGET SOUND- SOUTH","WC7I","KC7CKO","100","","","","","Y","N","N","N","N","","N","","N","N","","N","N","","N","N","N","N","N","","","","2020-01-17",""
" 5101","WWARA","442.5250","447.5250","WA","Port Ludlow","JEFFERSON COUNTY","WR7V","WR7V","103.5","","","","","Y","N","N","N","N","","N","","N","N","","N","N","","N","N","N","N","N","","","","2018-09-17",""
" 5538","WWARA","442.5500","447.5500","WA","Bothell","KING COUNTY- NORTH       ","WA7HJR","W7HNH","103.5","","","","","Y","N","N","N","N","","N","","N","N","","N","N","","N","N","N","N","N","","","","2016-10-01",""
" 5394","WWARA","442.5750","447.5750","WA","Ashford","PUGET SOUND","K7DNR","K7TGU","141.3","","","","","Y","N","N","N","N","","N","","N","N","","N","N","","N","N","N","N","N","","","","2020-04-23",""
" 5027","WWARA","442.6000","447.6000","WA","Tiger Mtn East","PUGET SOUND","K7DNR","DeptNationalResources","127.3","","","","","Y","N","N","N","N","","N","","N","N","","N","N","","N","N","N","N","N","","","","2020-05-02",""
" 5169","WWARA","442.6250","447.6250","WA","Baldi Mtn","PUGET SOUND","K7EK","K7EK","103.5","","","","","Y","N","N","N","N","","N","","N","N","","N","N","","N","N","N","N","N","http://www.k7ek.net","","","2020-03-22",""
" 5202","WWARA","442.6500","447.6500","WA","Gold Mtn","PUGET SOUND","WW7RA","N7GME","103.5","","","","","Y","N","N","N","N","","N","","N","N","","N","N","","N","N","N","N","N","","","","2016-06-27",""
" 5359","WWARA","442.6750","447.6750","WA","Darrington","DARRINGTON","W7MB","W7MB","127.3","","","","","Y","N","N","N","N","","N","","N","N","","N","N","","N","N","N","N","N","","","","2016-09-02",""
" 5541","WWARA","442.6750","447.6750","WA","Maple Valley","MAPLE VALLEY","KF7NPL","Maple Valley Emerg Rptr A","","","","","","N","N","Y","N","N","","N","","N","N","","N","N","","N","N","N","N","N","http://kf7npl.dstargateway.org","","","2018-07-21",""
" 5330","WWARA","442.6750","447.6750","WA","South Bend","PACIFIC COUNTY","NM7R","NM7R","118.8","","","","","Y","N","N","N","N","","N","","N","N","","N","N","","N","N","N","N","N","http://www.qsl.net/nm7r","","","2018-10-02",""
" 5627","WWARA","442.7000","447.7000","WA","Rattlesnake Mtn","PUGET SOUND","N7SNO","SECAST","","","","","","N","N","Y","N","N","","N","","N","N","","N","N","","N","N","N","N","N","http://www.secast.org","","","2020-04-11",""
" 5639","WWARA","442.7250","447.7250","WA","Mill Creek","SNOHOMISH COUNTY","WR7DS","AE7Q","100","","125","","","Y","N","N","N","N","","Y","125","N","N","","N","N","","N","N","N","N","N","http://wa7ro.ae7q.com","","","2020-09-19",""
" 5521","WWARA","442.7250","447.7250","WA","Eatonville","EATONVILLE","WW7CH","WW7CH","103.5","103.5","","","","Y","N","N","N","N","","N","","N","N","","N","N","","N","N","N","N","N","","","","2021-04-19",""
" 5654","WWARA","442.7500","447.7500","WA","Madigan Army Med Ctr","PUGET SOUND- SOUTH","KE7YYD","JBLM Madigan","100","100","","","","Y","N","N","N","N","","Y","000","N","N","","N","N","","N","N","N","N","N","","47.10947","-122.55148","2021-05-01",""
" 5128","WWARA","442.7750","447.7750","WA","Woodinville","KING COUNTY","K6RFK","K6RFK","100","","","","","Y","N","N","N","N","","N","","N","N","","N","N","","N","N","N","N","N","","","","2018-09-20",""
" 5033","WWARA","442.8000","447.8000","WA","Sequim","PUGET SOUND- NORTH","N7NFY","N7NFY","123","","","","","Y","N","N","N","N","","N","","N","N","","N","N","","N","N","N","N","N","","","","2020-03-23",""
" 5258","WWARA","442.8250","447.8250","WA","Kalama","WASHINGTON- SOUTH","WB7DFV","WB7DFV","131.8","","","","","Y","N","N","N","N","","N","","N","N","","N","N","","N","N","N","N","N","","","","2016-10-12",""
" 5396","WWARA","442.8250","447.8250","WA","Ferndale","WHATCOM COUNTY","NC7Q","NC7Q","156.7","","","","","Y","N","N","N","N","","N","","N","N","","N","N","","N","N","N","N","N","","","","2019-03-15",""
" 5172","WWARA","442.8250","447.8250","WA","Shoreline","PUGET SOUND- NORTH","W7AUX","City of Shoreline","103.5","","","","","Y","N","N","N","N","","N","","N","N","","N","N","","N","N","N","N","N","http://www.shorelineacs.org","","","2020-03-22",""
" 5506","WWARA","442.8500","447.8500","WA","Buckley","KING COUNTY- SOUTH","K7MYR","K7MYR","141.3","","","","","Y","N","N","N","N","","N","","N","N","","N","N","","N","N","N","N","N","","","","2016-10-01",""
" 5406","WWARA","442.8750","447.8750","WA","Seattle","PUGET SOUND","W7ACS","Seattle Aux Comm Service","141.3","","","","","Y","N","N","N","N","","N","","N","N","","N","N","","N","N","N","N","N","http://www.seattleacs.com","","","2019-06-13",""
" 5185","WWARA","442.9000","447.9000","WA","Seattle","PUGET SOUND","WA7LZO","Sea Amat Radio Society","","","","","","N","N","N","N","N","","N","","N","Y","293","N","N","","N","N","N","N","N","","","","2021-04-27",""
" 5602","WWARA","442.9250","447.9250","WA","Graham","PUGET SOUND- WEST","WA7DR","FWARC","","","","","","N","N","Y","N","N","","N","","N","N","","N","N","","N","N","N","N","N","www.fwarc.org","","","2019-03-26",""
" 5167","WWARA","442.9500","447.9500","WA","Federal Way","KING COUNTY- SOUTH","WA7FW","FWARC","103.5","","","","","Y","N","N","N","N","","N","","N","N","","N","N","","N","N","N","N","N","http://www.fwarc.org","","","2018-09-17",""
" 5104","WWARA","442.9750","447.9750","WA","Clearview","SNOHOMISH","WA7DEM","Snohomish ACS","103.5","","","","","Y","N","N","N","N","","Y","","N","N","","N","N","","N","N","N","N","N","http://www.wa7dem.info","47.8329","-122.1239","2020-05-02",""
" 5618","WWARA","443.0250","448.0250","WA","Seattle","SEATTLE","W7ACS","Seattle ACS","141.3","","","","","Y","N","N","N","N","","N","","N","N","","N","N","","N","N","N","N","N","http://www.seattleacs.com","","","2019-12-31",""
" 5574","WWARA","443.0250","448.0250","WA","Buckley","PUGET SOUND- SOUTH","WA7LDS","K7SLY","107.2","","","","","Y","N","N","N","N","","N","","N","N","","N","N","","N","N","N","N","N","","","","2019-02-02",""
" 5649","WWARA","443.0500","448.0500","WA","Bremerton","KITSAP COUNTY","N7MTC","N7MTC","100","","","","","Y","N","N","N","N","","Y","100","N","N","","N","N","","N","N","N","N","N","","47.629761","-122.60782","2021-01-23",""
" 5583","WWARA","443.0625","448.0625","WA","Bellevue","BELLEVUE","K7LWH","W7OXR","","","","","","N","N","Y","N","N","","N","","N","N","","N","N","","N","N","N","N","N","www.LAKEWASHINGTONHAMCLUB.ORG","","","2019-03-26",""
" 5511","WWARA","443.0750","448.0750","WA","Olympia","PUGET SOUND- SOUTH","KC7CKO","KC7CKO","103.5","","","","","Y","N","N","N","N","","N","","N","N","","N","N","","N","N","N","N","N","","","","2020-01-30",""
" 5465","WWARA","443.1000","448.1000","WA","Seatac","KING COUNTY- SOUTH","WA7ST","SeaTac ARC","103.5","103.5","","","","Y","N","N","N","N","","N","","N","N","","N","N","","N","N","N","N","N","","47.450831","-122.28682","2020-11-06",""
" 5561","WWARA","443.1250","448.1250","WA","Monroe","SNOHOMISH COUNTY","K7SLB","K7SLB","110.9","","","","","Y","N","N","N","N","","N","","N","N","","N","N","","N","N","N","N","N","","","","2017-09-14",""
" 5157","WWARA","443.1500","448.1500","WA","University Place","PUGET SOUND- SOUTH","N7EHP","N7EHP","173.8","","","","","Y","N","N","N","N","","N","","N","N","","N","N","","N","N","N","N","N","","","","2016-10-12",""
" 5582","WWARA","443.1750","448.1750","WA","Enumclaw","PUGET SOUND","N7OEP","N7OEP","107.2","","","","","Y","N","N","N","N","","N","","N","N","","N","N","","N","N","N","N","N","","","","2017-09-14",""
" 5120","WWARA","443.2250","448.2250","WA","Monroe","PUGET SOUND- NORTH","K7MJ","K7MJ","103.5","","","","","Y","N","N","N","N","","N","","N","N","","N","N","","N","N","N","N","N","","","","2018-09-16",""
" 5041","WWARA","443.2500","448.2500","WA","Shelton","PUGET SOUND- SOUTH","N7SK","Mason County ARC","100","","","","","Y","N","N","N","N","","N","","N","N","","N","N","","N","N","N","N","N","http://mc-arc.org","","","2019-06-27",""
" 5381","WWARA","443.2500","448.2500","WA","Duvall","SNOQUALMIE VALLEY","KE7GFZ","Snoqualmie Valley ARC","103.5","","","","","Y","N","N","N","N","","N","","N","N","","N","N","","N","N","N","N","N","HTTP://SNOVALLEYARC.org/","","","2017-04-13",""
" 5395","WWARA","443.2750","448.2750","WA","Chehalis","WASHINGTON- WEST","AB7F","AB7F","123","","","","","Y","N","N","N","N","","N","","N","N","","N","N","","N","N","N","N","N","http://www.ab7f.com","","","2019-06-13",""
" 5622","WWARA","443.3000","448.3000","WA","Point Roberts","PUGET SOUND- NORTH","KJ1U","Pt. Roberts Aux Comm Srvs","100","","","","","Y","N","N","N","N","","N","","N","N","","N","N","","N","N","N","N","N","","","","2020-06-19",""
" 5176","WWARA","443.3000","448.3000","WA","Tiger Mtn East","WASHINGTON- WEST","K7KG","N6OBY","156.7","","","","","Y","N","N","N","N","","N","","N","N","","N","N","","N","N","N","N","N","","","","2018-07-21",""
" 5350","WWARA","443.3250","448.3250","WA","Tiger Mtn East","WASHINGTON- WEST","N6OBY","N6OBY","103.5","","","","","Y","N","N","N","N","","N","","N","N","","N","N","","N","N","N","N","N","","","","2017-01-28",""
" 5643","WWARA","443.3500","448.3500","WA","Kent","KENT","K7CST","K7RFH","103.5","","","","","Y","N","N","N","N","","Y","000","N","N","","N","N","","N","N","N","N","N","","47.408843","-122.18","2020-10-24",""
" 5207","WWARA","443.4000","448.4000","WA","Cougar Mtn","PUGET SOUND","K7PP","K7PP","123","","","","","Y","N","N","N","N","","N","","N","N","","N","N","","N","N","N","N","N","","","","2016-10-01",""
" 5518","WWARA","443.4250","448.4250","WA","Burien","BURIEN                   ","KF7CLD","HI LINE RPT GRP","","","","","","N","N","Y","N","N","","N","","N","N","","N","N","","N","N","N","N","N","","","","2015-12-13",""
" 5200","WWARA","443.4250","448.4250","WA","Quilcene","HOOD CANAL","WO7O","WO7O","103.5","","","","","Y","N","N","N","N","","N","","N","N","","N","N","","N","N","N","N","N","","","","2016-12-14",""
" 5354","WWARA","443.4500","448.4500","WA","Chehalis","LEWIS COUNTY","K7KFM","K7KFM","110.9","","","","","Y","N","N","N","N","","N","","N","N","","N","N","","N","N","N","N","N","","46.563889","-123.06222","2020-07-04",""
" 5140","WWARA","443.4500","448.4500","WA","San Juan Island","SAN JUAN ISLANDS","N7JN","San Juan County ARS","131.8","","","","","Y","N","N","N","N","","N","","N","N","","N","N","","N","N","N","N","N","http://www.sjcars.org","","","2020-05-20",""
" 5585","WWARA","443.4750","448.4750","WA","Lopez Island","SAN JUAN COUNTY","KD7KAB","KD7KAB","162.2","","","","","Y","N","N","N","N","","N","","N","N","","N","N","","N","N","N","N","N","","","","2018-07-21",""
" 5519","WWARA","443.4750","448.4750","WA","Seattle","SEATTLE                  ","W7ACS","N7LYE","141.3","","","","","Y","N","N","N","N","","N","","N","N","","N","N","","N","N","N","N","N","www.seattleacs.com","","","2018-07-21",""
" 5356","WWARA","443.5000","448.5000","WA","Vashon Island","VASHON ISLAND","W7VMI","K7RDB","103.5","","","","","Y","N","N","N","N","","N","","N","N","","N","N","","N","N","N","N","N","","","","2016-06-27",""
" 5061","WWARA","443.5250","448.5250","WA","Capitol Peak","PUGET SOUND- SOUTH       ","WB7DPF","WB7DPF","173.8","","","","","Y","N","N","N","N","","N","","N","N","","N","N","","N","N","N","N","N","","","","2016-10-01",""
" 5203","WWARA","443.5500","448.5500","WA","Seattle","PUGET SOUND","W7SRZ","WWA Medical Services","103.5","","","","","Y","N","N","N","N","","N","","N","N","","N","N","","N","N","N","N","N","http://www.ww7mst.org","47.564167","-122.30743","2020-10-24",""
" 5621","WWARA","443.5750","448.5750","WA","Kirkland","KING COUNTY","N7IH","Icom America","","","","","","N","N","Y","N","N","","N","","N","N","","N","N","","N","N","N","N","N","http://www.icomamerica.com","","","2020-03-23",""
" 5501","WWARA","443.6000","448.6000","WA","Renton","RENTON","K7FDF","Renton Emerg Comm Service","103.5","103.5","","","","Y","N","N","N","N","","N","","N","N","","N","N","","N","N","N","N","N","http://www.rentonECS.com","47.4867","-122.13091","2021-01-23",""
" 5016","WWARA","443.6250","448.6250","WA","Sumner","SUMNER","W7PSE","PSEARG","103.5","","","","","Y","N","N","N","N","","N","","N","N","","N","N","","N","N","N","N","N","","","","2019-06-11",""
" 5095","WWARA","443.6500","448.6500","WA","Roosevelt Hill","SEATTLE","W7ACS","Seattle ACS","141.3","","","","","Y","N","N","N","N","","N","","N","N","","N","N","","N","N","N","N","N","http://www.seattleacs.com","","","2019-06-13",""
" 5096","WWARA","443.6500","448.6500","WA","King Mtn","WHATCOM COUNTY","K7SKW","MT. BAKER ARC","103.5","","","","","Y","N","N","N","N","","N","","N","N","","N","N","","N","N","N","N","N","http://www.mbarc.org","","","2018-04-08",""
" 5094","WWARA","443.6750","448.6750","WA","Tacoma","PIERCE COUNTY","W6TOZ","WWA Medical Services","103.5","","","","","Y","N","N","N","N","","N","","N","N","","N","N","","N","N","N","N","N","http://www.ww7mst.org","47.259417","-122.45222","2020-10-24",""
" 5389","WWARA","443.7000","448.7000","WA","Port Angeles","WASHINGTON- NORTHWEST","WA7EBH","WA7EBH","71.9","","","","","Y","N","N","N","N","","N","","N","N","","N","N","","N","N","N","N","N","","48.045","-123.38482","2020-06-21",""
" 5193","WWARA","443.7000","448.7000","WA","Cougar Mtn","WASHINGTON- WEST","WA7EBH","WA7EBH","103.5","","","","","Y","N","N","N","N","","N","","N","N","","N","N","","N","N","N","N","N","","47.54022","-122.10021","2020-07-04",""
" 5152","WWARA","443.7250","448.7250","WA","Mountlake Terrace","SNOHOMISH","WA7DEM","Snohomish ACS","103.5","103.5","","","","Y","N","N","N","N","","N","","N","N","","N","N","","N","N","N","N","N","http://www.wa7dem.info","47.7976","-122.3124","2021-05-18",""
" 5097","WWARA","443.7500","448.7500","WA","Lookout Mtn","WASHINGTON- NW","K7SKW","MT. BAKER ARC","103.5","","","","","Y","N","N","N","N","","N","","N","N","","N","N","","N","N","N","N","N","http://www.mbarc.org","","","2018-04-20",""
" 5565","WWARA","443.7750","448.7750","WA","Vashon Island","VASHON ISLAND","KG7CM","W7VMI","103.5","","","","","Y","N","N","N","N","","N","","N","N","","N","N","","N","N","N","N","N","http://www.w7vmi.org","","","2020-03-24",""
" 5098","WWARA","443.8250","448.8250","WA","Raymond","WASHINGTON- SW","KA7DNK","KA7DNK","103.5","","","","","Y","N","N","N","N","","N","","N","N","","N","N","","N","N","N","N","N","","","","2019-02-23",""
" 5543","WWARA","443.8250","448.8250","WA","Port Townsend","JEFFERSON COUNTY","N7WGR","N7WGR","88.5","","","","","Y","N","N","N","N","","N","","N","N","","N","N","","N","N","N","N","N","","","","2018-11-03",""
" 5403","WWARA","443.8500","448.8500","WA","Federal Way","WASHINGTON- WEST","WA7FW","Federal Way ARC","","","","","","N","N","Y","N","N","","N","","N","N","","N","N","","N","N","N","N","N","http://www.fwarc.org","47.3058","-122.3231","2021-04-27",""
" 5647","WWARA","443.8500","448.8500","WA","Mt Vernon","SKAGIT COUNTY","KA7VEE","KA7VEE","","","047","","","Y","N","N","N","N","","Y","","N","N","","N","N","","N","N","N","N","N","","48.40986","-122.32141","2021-01-23",""
" 5630","WWARA","443.8750","448.8750","WA","Haystack Mtn","KING COUNTY","N7NFY","N7NFY","127.3","","","","","Y","N","N","N","N","","N","","N","N","","N","N","","N","N","N","N","N","","","","2020-06-19",""
" 5631","WWARA","443.8750","448.8750","WA","Darrington","PUGET SOUND- NORTH","W7UFI","N7NFY","103.5","","","","","Y","N","N","N","N","","N","","N","N","","N","N","","N","N","N","N","N","","","","2020-01-17",""
" 5153","WWARA","443.9250","448.9250","WA","Everett","PUGET SOUND","W7FLY","KN7T","100","","","","","Y","N","N","N","N","","N","","N","N","","N","N","","N","N","N","N","N","","","","2016-12-01",""
" 5372","WWARA","443.9500","448.9500","WA","Federal Way","FEDERAL WAY","N7QOR","N7QOR","103.5","103.5","","","","Y","N","N","N","N","","N","","N","N","","N","N","","N","N","N","N","N","","47.315707","-122.40151","2021-01-01",""
" 5146","WWARA","443.9750","448.9750","WA","Eatonville","PIERCE COUNTY- SOUTH","W7PFR","Gobblers Knob RPTR Grp","103.5","","","","","Y","N","N","N","N","","N","","N","N","","N","N","","N","N","N","N","N","","","","2017-09-12",""
" 5284","WWARA","444.0000","449.0000","WA","Seattle","KING COUNTY","K7SPG","K7SPG","103.5","","","","","Y","N","N","N","N","","N","","N","N","","N","N","","N","N","N","N","N","","","","2019-11-29",""
" 5405","WWARA","444.0250","449.0250","WA","Edmonds","SNOHOMISH COUNTY- SOUTH","WA7DEM","Snohomish ACS","103.5","103.5","","","","Y","N","N","N","N","","N","","N","N","","N","N","","N","N","N","N","N","http://www.wa7dem.info","47.8035","-122.3346","2021-05-18",""
" 5367","WWARA","444.0500","449.0500","WA","Elma","GRAYS HARBOR COUNTY","N7UJK","Aux Emergency Comm","118.8","","","","","Y","N","N","N","N","","N","","N","N","","N","N","","N","N","N","N","N","http://www.qsl.net/wa7pc/#page=page-2","46.89199","-123.41689","2020-11-01",""
" 5150","WWARA","444.0500","449.0500","WA","Mt Constitution","WASHINGTON- NW","K7SKW","Mt Baker ARCRG","103.5","","","","","Y","N","N","N","N","","N","","N","N","","N","N","","N","N","N","N","N","WWW.MBARC.org","","","2017-01-07",""
" 5347","WWARA","444.1250","449.1250","WA","Sultan","SNOHOMISH COUNTY","W7SKY","Sky Valley ARC","103.5","","","","","Y","N","N","N","N","","N","","N","N","","N","N","","N","N","N","N","N","","","","2019-12-25",""
" 5641","WWARA","444.1500","449.1500","WA","Lynnwood","SNOHOMISH COUNTY","K7MLR","K7MLR","","","","","","N","N","N","N","Y","CC1","N","","N","N","","N","N","","N","N","N","N","N","","","","2020-06-19",""
" 5645","WWARA","444.1750","449.1750","WA","Roy","PIERCE COUNTY- SOUTH","WA7ROY","KD4VOM","123","","","","","Y","N","N","N","N","","N","","N","N","","N","N","","N","N","N","N","N","","","","2021-01-23",""
" 5039","WWARA","444.1750","449.1750","WA","Tacoma","TACOMA","K7HW","K7HW","103.5","","","","","Y","N","N","N","N","","N","","N","N","","N","N","","N","N","N","N","N","","","","2019-12-25",""
" 5596","WWARA","444.2000","449.2000","WA","Ocean Shores","GRAYS HARBOR COUNTY","W7EOC","Aux Emergency Comm","118.8","","","","","Y","N","N","N","N","","N","","N","N","","N","N","","N","N","N","N","N","http://www.qsl.net/wa7pc/#page=page-2","46.06056","-123.11439","2020-11-01",""
" 5142","WWARA","444.2000","449.2000","WA","Marysville","SNOHOMISH COUNTY         ","K7MLR","K7MLR","103.5","","","","","Y","N","N","N","N","","N","","N","N","","N","N","","N","N","N","N","N","","","","2018-07-21",""
" 5040","WWARA","444.2250","449.2250","WA","West Seattle","KING COUNTY","KC7LFW","NWFilipinoAmericanComm","123","","","","","Y","N","N","N","N","","N","","N","N","","N","N","","N","N","N","N","N","","47.530344","-122.37587","2020-07-04",""
" 5047","WWARA","444.2500","449.2500","WA","Electron","PUGET SOUND","W7PSE","W7UDI","103.5","","","","","Y","N","N","N","N","","N","","N","N","","N","N","","N","N","N","N","N","","","","2019-06-12",""
" 5402","WWARA","444.2750","449.2750","WA","Sequim","PUGET SOUND- WEST","AF7DX","AF7DX","100","","","","","Y","N","N","N","N","","N","","N","N","","N","N","","N","N","N","N","N","","","","2019-02-02",""
" 5029","WWARA","444.3000","449.3000","WA","Buck Mtn","PUGET SOUND","WA7WKT","WA7WKT","103.5","","","","","Y","N","N","N","N","","N","","N","N","","N","N","","N","N","N","N","N","","","","2019-02-02",""
" 5221","WWARA","444.3250","449.3250","WA","Cougar Mtn","SEATTLE","K7OET","K7OET","100","","","","","Y","N","N","N","N","","N","","N","N","","N","N","","N","N","N","N","N","","","","2017-02-08",""
" 5066","WWARA","444.3500","449.3500","WA","Cultus Mtn","PUGET SOUND- NORTH","K7OET","K7OET","100","","","","","Y","N","N","N","N","","N","","N","N","","N","N","","N","N","N","N","N","","48.424604","-122.14222","2020-07-04",""
" 5352","WWARA","444.3750","449.3750","WA","Seattle","PUGET SOUND","AJ7JA","AJ7JA","88.5","","","","","Y","N","N","N","N","","N","","N","N","","N","N","","N","N","N","N","N","http://www.aj7ja.com","","","2019-12-25",""
" 5507","WWARA","444.3750","449.3750","WA","Cosmopolis","GRAYS HARBOR COUNTY      ","WA7ARC","WA7ARC","100","","","","","Y","N","N","N","N","","N","","N","N","","N","N","","N","N","N","N","N","admin@wa7arc.org","","","2015-12-13",""
" 5014","WWARA","444.4000","449.4000","WA","North Cove","PACIFIC COUNTY","NM7R","NM7R","118.8","","","","","Y","N","N","N","N","","N","","N","N","","N","N","","N","N","N","N","N","http://www.qsl.net/nm7r","","","2018-02-14",""
" 5626","WWARA","444.4000","449.4000","WA","Redmond","REDMOND","KE7SFF","KE7SFF","","","","","","N","N","N","N","Y","CC1","N","","N","N","","N","N","","N","N","N","N","N","","","","2020-04-11",""
" 5580","WWARA","444.4250","449.4250","WA","Seattle","PUGET SOUND","WW7SEA","K7PAL","141.3","","","","","Y","N","N","N","N","","N","","N","N","","N","N","","N","N","N","N","N","","","","2018-07-21",""
" 5633","WWARA","444.4500","449.4500","WA","Baw Faw Peak","WASHINGTON- SOUTH","KD7HTE","KD7HTE","100","","","","","Y","N","N","N","N","","N","","N","N","","N","N","","N","N","N","N","N","","","","2020-03-23",""
" 5195","WWARA","444.4750","449.4750","WA","Bainbridge Island","KITSAP COUNTY","W7NPC","Bainbridge IS ARC","103.5","","","","","Y","N","N","N","N","","N","","N","N","","N","N","","N","N","N","N","N","WWW.W7NPC.org","","","2017-09-07",""
" 5357","WWARA","444.4750","449.4750","WA","Woodland","WASHINGTON- SW","K7LJ","K7LJ","100","","","","","Y","N","N","N","N","","N","","N","N","","N","N","","N","N","N","N","N","","","","2019-02-23",""
" 5215","WWARA","444.5000","449.5000","WA","Lyman Hill","SKAGIT VALLEY","WA7ZUS","WA7ZUS","103.5","","","","","Y","N","N","N","N","","N","","N","N","","N","N","","N","N","N","N","N","","","","2017-02-07",""
" 5017","WWARA","444.5250","449.5250","WA","Squak Mtn","PUGET SOUND","N7KGJ","WB7TOI","103.5","","","","","Y","N","N","N","N","","N","","N","N","","N","N","","N","N","N","N","N","","47.504278","-122.0474","2020-11-22",""
" 5517","WWARA","444.5500","449.5500","WA","Seattle","PUGET SOUND","WW7SEA","K7PAL","141.3","","","","","Y","N","N","N","N","","N","","N","N","","N","N","","N","N","N","N","N","","","","2019-06-11",""
" 5610","WWARA","444.5625","449.5625","WA","Bainbridge Island","KITSAP COUNTY","W7NPC","Bainbridge Island ARC","","","","","","N","N","Y","N","N","","N","","N","N","","N","N","","N","N","N","N","N","http://www.w7npc.org","","","2019-03-26",""
" 5036","WWARA","444.5750","449.5750","WA","Bakerview","EVERETT","WA7LAW","Snohomish County ARC","103.5","103.5","","","","Y","N","N","N","N","","Y","057","N","N","","N","N","","N","N","N","N","N","http://www.wa7law.org","47.981667","-122.19444","2020-11-29",""
" 5353","WWARA","444.6000","449.6000","WA","Bellevue","PUGET SOUND- EAST","K7LWH","Lake WA Ham Club","103.5","","","","","Y","N","N","N","N","","N","","N","N","","N","N","","N","N","N","N","N","http://lakewashingtonhamclub.org","","","2019-06-21",""
" 5166","WWARA","444.6000","449.6000","WA","Aberdeen","GRAYS HARBOR COUNTY","KA7DNK","KA7DNK","100","","","","","Y","N","N","N","N","","N","","N","N","","N","N","","N","N","N","N","N","","","","2016-10-12",""
" 5612","WWARA","444.6250","449.6250","WA","Cultus Mtn","PUGET SOUND- NORTH","W6TOZ","W6TOZ","103.5","","","","","Y","N","N","N","N","","N","","N","N","","N","N","","N","N","N","N","N","","","","2020-03-23",""
" 5554","WWARA","444.6375","449.6375","WA","Tiger Mtn East","PUGET SOUND","WA7HJR","Puget Snd RTTY Rptr Grp","","","","","","N","N","Y","N","N","","N","","N","N","","N","N","","N","N","N","N","N","","","","2018-08-07",""
" 5100","WWARA","444.6500","449.6500","WA","Tiger Mtn East","PUGET SOUND- WEST","WA7HJR","Puget Sound RTTY Rptr Grp","131.8","","","","","Y","N","N","N","N","","N","","N","N","","N","N","","N","N","N","N","N","http://www.wa7hjr.org","","","2019-01-03",""
" 5121","WWARA","444.6750","449.6750","WA","Graham","PUGET SOUND","N7BUW","N7BUW","127.3","","","","","Y","N","N","N","N","","N","","N","N","","N","N","","N","N","N","N","N","","","","2018-12-02",""
" 5122","WWARA","444.6750","449.6750","WA","Three Sisters","PUGET SOUND","N7BUW","N7BUW","136.5","","","","","Y","N","N","N","N","","N","","N","N","","N","N","","N","N","N","N","N","","","","2018-12-02",""
" 5358","WWARA","444.7000","449.7000","WA","Neilton Peak","GRAYS HARBOR COUNTY","W7EOC","Aux Emergency Comm","118.8","","","","","Y","N","N","N","N","","N","","N","N","","N","N","","N","N","N","N","N","http://www.qsl.net/wa7pc/#page=page-2","46.39023","-123.86805","2020-11-01",""
" 5065","WWARA","444.7000","449.7000","WA","Seattle","PUGET SOUND","WW7SEA","K7PAL","103.5","","","","","Y","N","N","N","N","","N","","N","N","","N","N","","N","N","N","N","N","","","","2019-06-11",""
" 5634","WWARA","444.7250","449.7250","WA","Edmonds","SNOHOMISH COUNTY- SOUTH","NW7DR","NW Digital Radio Club","123","","","","","Y","N","Y","N","N","","Y","","N","N","","N","N","","N","N","N","N","N","","","","2020-06-19",""
" 5179","WWARA","444.7500","449.7500","WA","Tacoma","PIERCE COUNTY","KB7CNN","KB7CNN","192.8","","","","","Y","N","N","N","N","","N","","N","N","","N","N","","N","N","N","N","N","","","","2016-10-22",""
" 5388","WWARA","444.7750","449.7750","WA","Seattle","SEATTLE","K7IDS","KB7FHQ","173.8","","","","","Y","N","N","N","N","","N","","N","N","","N","N","","N","N","N","N","N","","","","2019-04-27",""
" 5015","WWARA","444.8000","449.8000","WA","Longbeach","PACIFIC COUNTY","NM7R","BeachNet Repeater System","118.8","118.8","","","","Y","N","N","N","N","","N","","N","N","","N","N","","N","N","N","N","N","http://www.qsl.net/nm7r","46.352222","-124.05056","2020-11-28",""
" 5385","WWARA","444.8000","449.8000","WA","Baldi Mtn","PUGET SOUND- SOUTH","W7USJ","K7OET","100","","","","","Y","N","N","N","N","","N","","N","N","","N","N","","N","N","N","N","N","","47.218792","-121.84307","2020-07-04",""
" 5149","WWARA","444.8250","449.8250","WA","Northgate","PUGET SOUND","W7SRZ","W7SRZ","103.5","","","","","Y","N","N","N","N","","N","","N","N","","N","N","","N","N","N","N","N","","","","2016-08-14",""
" 5360","WWARA","444.8250","449.8250","WA","Aberdeen","GRAYS HARBOR COUNTY","N7UJK","N7UJK","118.8","","","","","Y","N","N","N","N","","N","","N","N","","N","N","","N","N","N","N","N","","46.98779","-123.79575","2020-11-01",""
" 5552","WWARA","444.8500","449.8500","WA","Cougar Mtn","PUGET SOUND","W7DME","W7DME","103.5","","","","","Y","N","N","N","N","","N","","N","N","","N","N","","N","N","N","N","N","","","","2020-07-13",""
" 5022","WWARA","444.8750","449.8750","WA","Randle","WASHINGTON- WEST","AB7F","AB7F","100","","","","","Y","N","N","N","N","","N","","N","N","","N","N","","N","N","N","N","N","","","","2019-06-13",""
" 5651","WWARA","444.9000","449.9000","WA","Covington","MAPLE VALLEY","N7UIC","N7UIC","100","100","","","","Y","N","N","N","N","","N","","N","N","","N","N","","N","N","N","N","N","","47.364565","-122.0781","2020-12-25",""
" 5384","WWARA","444.9000","449.9000","WA","Sequim","PUGET SOUND- NORTH","K6MBY","K6MBY","131.8","","","","","Y","N","N","N","N","","N","","N","N","","N","N","","N","N","N","N","N","","","","2017-01-02",""
" 5087","WWARA","444.9000","449.9000","WA","Longview","WASHINGTON- SW","W7DG","Lower Columbia ARA","114.8","","","","","Y","N","N","N","N","","N","","N","N","","N","N","","N","N","N","N","N","","","","2020-01-24",""
" 5379","WWARA","444.9250","449.9250","WA","Snoqualmie","SNOQUALMIE VALLEY","N7SNO","Snoqualmie EC&S","85.4","","","","","Y","N","N","N","N","","N","","N","N","","N","N","","N","N","N","N","N","WWW.SECAST.ORG","","","2017-03-03",""
" 5363","WWARA","444.9250","449.9250","WA","Chinook","LONG BEACH","NM7R","BeachNet Repeater System","82.5","","","","","Y","N","N","N","N","","N","","N","N","","N","N","","N","N","N","N","N","http://www.qsl.net/nm7r","46.286388","-123.89815","2020-11-28",""
" 5338","WWARA","444.9500","449.9500","WA","Capitol Peak","WASHINGTON- SW","W7EOC","Aux Emergency Comm","118.8","","","","","Y","N","N","N","N","","N","","N","N","","N","N","","N","N","N","N","N","http://www.qsl.net/wa7pc/#page=page-2","46.97322","-123.13758","2020-11-01",""
" 5374","WWARA","444.9750","449.9750","WA","Haystack Mtn","SNOHOMISH COUNTY","KD7GWM","KD7GWM","114.8","","","","","Y","N","N","N","N","","N","","N","N","","N","N","","N","N","N","N","N","","","","2015-03-31",""
" 5173","WWARA","444.9750","449.9750","WA","Rooster Rock","LEWIS COUNTY","K7HRN","K7HRN","110.9","","","","","Y","N","N","N","N","","N","","N","N","","N","N","","N","N","N","N","N","","","","2016-09-12",""
" 6006","WWARA","927.2500","902.2500","WA","South Mtn","PUGET SOUND","W7UVH","KD6VPH","114.8","","","","","Y","N","N","N","N","","N","","N","N","","N","N","","N","N","N","N","N","","","","2019-12-25",""
" 6012","WWARA","927.2750","902.2750","WA","Kalama","WASHINGTON- SW","W7UVH","W7UVH","114.8","","","","","Y","N","N","N","N","","N","","N","N","","N","N","","N","N","N","N","N","","","","2016-11-07",""
" 6042","WWARA","927.3000","902.3000","WA","Capitol Peak","PUGET SOUND- SOUTH       ","W7SIX","W7SIX","114.8","","","","","Y","N","N","N","N","","N","","N","N","","N","N","","N","N","N","N","N","","","","2016-06-17",""
" 6053","WWARA","927.3500","902.3500","WA","Port Orchard","KITSAP COUNTY","K7MM","KitsapCountyAltComm","114.8","","","","","Y","N","N","N","N","","N","","N","N","","N","N","","N","N","N","N","N","http://www.kcacs.org","47.5311","-122.5994","2021-01-07",""
" 6031","WWARA","927.3750","902.3750","WA","Blaine","WASHINGTON- NW","W7BPD","K7RGK","114.8","","","","","Y","N","N","N","N","","N","","N","N","","N","N","","N","N","N","N","N","http://www.cityofblaine.com","","","2019-03-19",""
" 6041","WWARA","927.4000","902.4000","WA","Buck Mtn","PUGET SOUND              ","WB0CZA","WB0CZA","123","","","","","Y","N","N","N","N","","N","","N","N","","N","N","","N","N","N","N","N","","","","2017-12-02",""
" 6033","WWARA","927.4125","902.4125","WA","Gold Mtn","PUGET SOUND- SOUTH","N7NFY","N7NFY","114.8","","","","","Y","N","N","N","N","","N","","N","N","","N","N","","N","N","N","N","N","","","","2015-04-09",""
" 6025","WWARA","927.4875","902.4875","WA","Lookout Mtn","WASHINGTON- NW","WA7ZWG","5 County Emergency Group","114.8","114.8","","","","Y","N","N","N","N","","N","","N","N","","N","N","","N","N","N","N","N","","48.6875","-122.36222","2021-03-19",""
" 6021","WWARA","927.5250","902.5250","WA","Ashford","PUGET SOUND","K7DNR","DeptNationalResources","114.8","","","","","Y","N","N","N","N","","N","","N","N","","N","N","","N","N","N","N","N","","","","2020-05-02",""
" 6019","WWARA","927.5500","902.5500","WA","Cultas Mtn","PUGET SOUND- NORTH","K7OET","K7OET","114.8","114.8","","","","Y","N","N","N","N","","N","","N","N","","N","N","","N","N","N","N","N","","48.424605","-122.14222","2020-10-04",""
" 6009","WWARA","927.6000","902.6000","WA","University Place","PUGET SOUND- SOUTH","K7NP","Univerity Place RG","114.8","","","","","Y","N","N","N","N","","N","","N","N","","N","N","","N","N","N","N","N","","","","2017-01-07",""
" 6052","WWARA","927.6000","902.6000","WA","Tiger Mtn East","PUGET SOUND","K7TGU","K7TGU","114.8","","","","","Y","N","N","N","N","","N","","N","N","","N","N","","N","N","N","N","N","","","","2020-09-21",""
" 6029","WWARA","927.6375","902.6375","WA","Shoreline","KING COUNTY- NORTH","W7AUX","City of Shoreline","114.8","","","","","Y","N","N","N","N","","N","","N","N","","N","N","","N","N","N","N","N","http://www.shorelineacs.org","","","2020-03-22",""
" 6007","WWARA","927.7500","902.7500","WA","Tumwater","PUGET SOUND- SOUTH","KD7HTE","KD7HTE","114.8","","","","","Y","N","N","N","N","","N","","N","N","","N","N","","N","N","N","N","N","","","","2019-01-14",""
" 6050","WWARA","927.8000","902.8000","WA","Milton","KING COUNTY- SOUTH","AA7ZV","AA7ZV","114.8","","","","","Y","N","N","N","N","","N","","N","N","","N","N","","N","N","N","N","N","","","","2019-01-14",""
" 6035","WWARA","927.8875","902.8875","WA","Rattlesnake Mtn","PUGET SOUND","N7NFY","N7NFY","114.8","","","","","Y","N","N","N","N","","N","","N","N","","N","N","","N","N","N","N","N","","","","2015-07-09",""
" 6017","WWARA","927.9250","902.9250","WA","Baw Faw Peak","WASHINGTON- SW","K7CH","K7CH","114.8","114.8","","","","Y","N","N","N","N","","N","","N","N","","N","N","","N","N","N","N","N","","-46.4882","-123.21481","2021-06-04",""
" 6037","WWARA","927.9500","902.9500","WA","Baldi Mtn","PUGET SOUND              ","K7EK","K7EK","114.8","","","","","Y","N","N","N","N","","N","","N","N","","N","N","","N","N","N","N","N","","","","2015-12-07",""
" 6519","WWARA","1248.0500","1248.0500","WA","Kirkland","REDMOND","N7IH","Icom America","","","","","","N","N","N","Y","N","","N","","N","N","","N","N","","N","N","N","N","N","http://www.icomamerica.com","","","2020-05-03",""
" 6515","WWARA","1249.2500","1249.2500","WA","Federal Way","FEDERAL WAY","WA7FW","Federal Way ARC","","","","","","N","N","N","Y","N","","N","","N","N","","N","N","","N","N","N","N","N","http://www.fwarc.org","47.3058","-122.3231","2021-04-27",""
" 6517","WWARA","1249.8500","1249.8500","WA","Tukwila","KING COUNTY- SOUTH","KF7FBS","W7TFD","","","","","","N","N","N","Y","N","","N","","N","N","","N","N","","N","N","N","N","N","","","","2016-07-03",""
" 6514","WWARA","1251.6500","1251.6500","WA","Everett","SNOHOMISH COUNTY","NR7SS","Snohomish ACS","","","","","","N","N","N","Y","N","","N","","N","N","","N","N","","N","N","N","N","N","http://www.wa7dem.info","47.923973","-122.2446","2021-03-30",""
" 6511","WWARA","1253.2500","434.0000","WA","Cougar Mtn","PUGET SOUND","WW7ATS","WWATS","","","","","","N","N","N","N","N","","N","","N","N","","N","N","","Y","N","N","N","N","http://www.qsl.net/ww7ats","","","2020-05-03",""
" 6516","WWARA","1290.1000","1270.1000","WA","Federal Way","FEDERAL WAY","WA7FW","Federal Way ARC","","","","","","N","N","Y","N","N","","N","","N","N","","N","N","","N","N","N","N","N","http://www.fwarc.org","47.3058","-122.3231","2021-04-27",""
" 6520","WWARA","1290.2000","1270.2000","WA","Kirkland","REDMOND","N7IH","Icom America","","","","","","N","N","Y","N","N","","N","","N","N","","N","N","","N","N","N","N","N","http://www.icomamerica.com","","","2020-05-03",""
" 6518","WWARA","1290.5000","1270.5000","WA","Bainbridge Island","KITSAP COUNTY","W7NPC","Bainbridge Island ARC","","","","","","N","N","Y","N","N","","N","","N","N","","N","N","","N","N","N","N","N","http://www.w7npc.org","","","2020-08-21",""
" 6500","WWARA","1290.9500","1270.9500","WA","Bellingham","WASHINGTON- NORTHWEST","N7FYU","N7FYU","103.5","","","","","Y","N","N","N","N","","N","","N","N","","N","N","","N","N","N","N","N","","","","2016-01-29",""
" 6505","WWARA","1292.2000","1272.2000","WA","Tiger Mtn East","PUGET SOUND","KB7CNN","KB7CNN","103.5","","","","","Y","N","N","N","N","","N","","N","N","","N","N","","N","N","N","N","N","","","","2016-10-01",""
" 6509","WWARA","1292.3000","1272.3000","WA","Baldi Mtn","PUGET SOUND","N7FSP","N7FSP","103.5","","","","","Y","N","N","N","N","","N","","N","N","","N","N","","N","N","N","N","N","","","","2016-01-01",""
" 6506","WWARA","1292.4000","1272.4000","WA","Tacoma","PUGET SOUND","KB7CNN","KB7CNN","103.5","","","","","Y","N","N","N","N","","N","","N","N","","N","N","","N","N","N","N","N","","","","2016-10-01",""
